<Root><increase>1.50  4.50</increase>
<increase>6.00  12.00</increase>
<increase>19.50  40.50</increase>
<increase>19.50  64.50</increase>
<increase>7.50  70.50</increase>
<increase>3.00  25.50</increase>
<increase>4.50  15.00</increase>
<increase>3.00  10.50</increase>
<increase>6.00  13.50</increase>
<increase>6.00  28.50</increase>
<increase>15.00  49.50</increase>
<increase>7.50  37.50</increase>
<increase>9.00  19.50</increase>
<increase>13.50  34.50</increase>
<increase>3.00  12.00</increase>
<increase>1.50  27.00</increase>
<increase>3.00  6.00</increase>
<increase>4.50  18.00</increase>
<increase>3.00  13.50</increase>
<increase>7.50  19.50</increase>
<increase>6.00  49.50</increase>
<increase>1.50  12.00</increase>
<increase>4.50  31.50</increase>
<increase>13.50  37.50</increase></Root>