<root><loop1 var="$Saxon"><loop2 var="q1"><query>31</query><query>32</query></loop2><loop2 var="q2"><query>31</query><query>46</query></loop2><loop2 var="q3"><query>47</query><query>32</query></loop2><loop2 var="q4"><query>47</query><query>32</query></loop2><loop2 var="q5"><query>32</query><query>31</query></loop2></loop1><loop1 var="$MXQuery"><loop2 var="q1"><query>62</query><query>63</query></loop2><loop2 var="q2"><query>62</query><query>63</query></loop2><loop2 var="q3"><query>79</query><query>79</query></loop2><loop2 var="q4"><query>62</query><query>62</query></loop2><loop2 var="q5"><query>78</query><query>47</query></loop2></loop1><loop1 var="$XBird"><loop2 var="q1"><query>16</query><query>0</query></loop2><loop2 var="q2"><query>16</query><query>0</query></loop2><loop2 var="q3"><query>0</query><query>15</query></loop2><loop2 var="q4"><query>0</query><query>0</query></loop2><loop2 var="q5"><query>0</query><query>0</query></loop2></loop1>#</root>