<Root><loop1 var="$Saxon">
   <loop2 var="q1">
      <avg>31.5</avg>
   </loop2>
   <loop2 var="q2">
      <avg>38.5</avg>
   </loop2>
   <loop2 var="q3">
      <avg>39.5</avg>
   </loop2>
   <loop2 var="q4">
      <avg>39.5</avg>
   </loop2>
   <loop2 var="q5">
      <avg>31.5</avg>
   </loop2>
</loop1>
<loop1 var="$MXQuery">
   <loop2 var="q1">
      <avg>62.5</avg>
   </loop2>
   <loop2 var="q2">
      <avg>62.5</avg>
   </loop2>
   <loop2 var="q3">
      <avg>79</avg>
   </loop2>
   <loop2 var="q4">
      <avg>62</avg>
   </loop2>
   <loop2 var="q5">
      <avg>62.5</avg>
   </loop2>
</loop1>
<loop1 var="$XBird">
   <loop2 var="q1">
      <avg>8</avg>
   </loop2>
   <loop2 var="q2">
      <avg>8</avg>
   </loop2>
   <loop2 var="q3">
      <avg>7.5</avg>
   </loop2>
   <loop2 var="q4">
      <avg>0</avg>
   </loop2>
   <loop2 var="q5">
      <avg>0</avg>
   </loop2>
</loop1></Root>