<?xml version="1.0" encoding="UTF-8" standalone="no"?><Database Name="NC-94" homogeniety="false">
    <RelationList number="3">
        <Relation name="Climate">
	<DimensionInfo SpatialGranularity="county" SpatialRepresentation="FIPS" TemporalGranularity="day" TemporalRepresentation="integer" ctype="hybrid" rtype="spatiotemporal"/> 
           <Key>
  		<Attribute>FIPS</Attribute> 
  		 
  	   </Key> 
	   <AttributeInfo NumberofAttributes="9">
		<Attribute length="32" name="FIPS" pos="0" type="string"/>
		<Attribute length="4" name="StFIPS" pos="1" type="integer"/>
                <Attribute length="4" name="CoFIPS" partition="true" pos="2" type="integer"/>
                <Attribute length="4" name="Year" pos="3" type="integer"/>
		<Attribute length="4" name="Time" pos="4" type="integer"/>
                <Attribute length="4" name="Radiation" pos="5" type="float"/>
                <Attribute length="4" name="MaxTemp" pos="6" type="float"/>
                <Attribute length="4" name="MinTemp" pos="7" type="float"/>
                <Attribute length="4" name="Precipitation" pos="8" type="float"/>
            </AttributeInfo>
	    <StorageInfo Index="NC94_Climate_Catalog.bxml" RelationalStream_ID="FIPS" StorageType="RelationalStream.Set"/>
            <SpatialRelation name="county_gml"/>
        </Relation>
	<Relation name="Soil">
	<DimensionInfo SpatialGranularity="county" SpatialRepresentation="FIPS" TemporalGranularity="NONE" TemporalRepresentation="NONE" ctype="hybrid" rtype="spatial"/> 
	   <Key>
  		<Attribute>FIPS</Attribute> 
  		 
  	   </Key>   
	  <AttributeInfo NumberofAttributes="105">
		<Attribute length="32" name="FIPS" pos="0" type="string"/>
		<Attribute length="4" name="StFIPS" pos="1" type="integer"/>
		<Attribute length="4" name="CoFIPS" pos="2" type="integer"/>
		<Attribute length="4" name="AcresT" pos="3" type="float"/>
		<Attribute length="4" name="Arable" pos="4" type="float"/>
		<Attribute length="4" name="PctArable" pos="5" type="float"/>
		<Attribute length="4" name="PctSlopeT" pos="6" type="float"/>
		<Attribute length="4" name="PctSlopeA" pos="7" type="float"/>
		<Attribute length="4" name="Drainage" pos="8" type="integer"/>
		<Attribute length="4" name="DepthH2O" pos="9" type="float"/>	
		<Attribute length="4" name="DepthBed" pos="10" type="float"/>
		<Attribute length="4" name="MaxRoot" pos="11" type="float"/>
		<Attribute length="4" name="Rk1010" pos="12" type="float"/>
		<Attribute length="4" name="Rk103" pos="13" type="float"/>
		<Attribute length="4" name="tRk102" pos="14" type="float"/>
		<Attribute length="4" name="Sand10" pos="15" type="float"/>
		<Attribute length="4" name="Silt10" pos="16" type="float"/>
		<Attribute length="4" name="Clay10" pos="17" type="float"/>
		<Attribute length="4" name="Liquid10" pos="18" type="float"/>
		<Attribute length="4" name="Plastic10" pos="19" type="float"/>
		<Attribute length="4" name="AvailH2O10" pos="20" type="float"/>
		<Attribute length="4" name="BulkDen10" pos="21" type="float"/>
		<Attribute length="4" name="Omatter10" pos="22" type="float"/>
		<Attribute length="4" name="Perm10" pos="23" type="float"/>
		<Attribute length="4" name="Wilt10" pos="24" type="float"/>
		<Attribute length="4" name="Field10" pos="25" type="float"/>
		<Attribute length="4" name="Rk2510" pos="26" type="float"/>
		<Attribute length="4" name="Rk253" pos="27" type="float"/>
		<Attribute length="4" name="Rk252" pos="28" type="float"/>
		<Attribute length="4" name="Sand25" pos="29" type="float"/>
		<Attribute length="4" name="Silt25" pos="30" type="float"/>
		<Attribute length="4" name="Clay25" pos="31" type="float"/>
		<Attribute length="4" name="Liquid25" pos="32" type="float"/>
		<Attribute length="4" name="Plastic25" pos="33" type="float"/>
		<Attribute length="4" name="AvailH2O25" pos="34" type="float"/>
		<Attribute length="4" name="BulkDen25" pos="35" type="float"/>
		<Attribute length="4" name="Omatter25" pos="36" type="float"/>
		<Attribute length="4" name="Perm25" pos="37" type="float"/>
		<Attribute length="4" name="Wilt25" pos="38" type="float"/>
		<Attribute length="4" name="Field25" pos="39" type="float"/>
		<Attribute length="4" name="Rk5010" pos="40" type="float"/>
		<Attribute length="4" name="Rk503" pos="41" type="float"/>
		<Attribute length="4" name="Rk502" pos="42" type="float"/>
		<Attribute length="4" name="Sand50" pos="43" type="float"/>
		<Attribute length="4" name="Silt50" pos="44" type="float"/>
		<Attribute length="4" name="Clay50" pos="45" type="float"/>
		<Attribute length="4" name="Liquid50" pos="46" type="float"/>
		<Attribute length="4" name="Plastic50" pos="47" type="float"/>
		<Attribute length="4" name="AvailH2O50" pos="48" type="float"/>
		<Attribute length="4" name="BulkDen50" pos="49" type="float"/>
		<Attribute length="4" name="Omatter50" pos="50" type="float"/>
		<Attribute length="4" name="Perm50" pos="51" type="float"/>
		<Attribute length="4" name="Wilt50" pos="52" type="float"/>
		<Attribute length="4" name="Field50" pos="53" type="float"/>
		<Attribute length="4" name="Rk10010" pos="54" type="float"/>
		<Attribute length="4" name="Rk1003" pos="55" type="float"/>
		<Attribute length="4" name="Rk1002" pos="56" type="float"/>
		<Attribute length="4" name="Sand100" pos="57" type="float"/>
		<Attribute length="4" name="Silt100" pos="58" type="float"/>
		<Attribute length="4" name="Clay100" pos="59" type="float"/>
		<Attribute length="4" name="Liquid100" pos="60" type="float"/>
		<Attribute length="4" name="Plastic100" pos="61" type="float"/>
		<Attribute length="4" name="AvailH2O100" pos="62" type="float"/>
		<Attribute length="4" name="BulkDen100" pos="63" type="float"/>
		<Attribute length="4" name="Omatter100" pos="64" type="float"/>
		<Attribute length="4" name="Perm100" pos="65" type="float"/>
		<Attribute length="4" name="Wilt100" pos="66" type="float"/>
		<Attribute length="4" name="Field100" pos="67" type="float"/>
		<Attribute length="4" name="Rk25010" pos="68" type="float"/>
		<Attribute length="4" name="Rk2503" pos="69" type="float"/>
		<Attribute length="4" name="Rk2502" pos="70" type="float"/>
		<Attribute length="4" name="Sand250" pos="71" type="float"/>
		<Attribute length="4" name="Silt250" pos="72" type="float"/>
		<Attribute length="4" name="Clay250" pos="73" type="float"/>
		<Attribute length="4" name="Liquid250" pos="74" type="float"/>
		<Attribute length="4" name="Plastic250" pos="75" type="float"/>
		<Attribute length="4" name="AvailH2O250" pos="76" type="float"/>
		<Attribute length="4" name="BulkDen250" pos="77" type="float"/>
		<Attribute length="4" name="Omatter250" pos="78" type="float"/>
		<Attribute length="4" name="Perm250" pos="79" type="float"/>
		<Attribute length="4" name="Wilt250" pos="80" type="float"/>
		<Attribute length="4" name="Field250" pos="81" type="float"/>
		<Attribute length="4" name="Rk20010" pos="82" type="float"/>
		<Attribute length="4" name="Rk2003" pos="83" type="float"/>
		<Attribute length="4" name="Rk2002" pos="84" type="float"/>
		<Attribute length="4" name="Sand200" pos="85" type="float"/>
		<Attribute length="4" name="Silt200" pos="86" type="float"/>
		<Attribute length="4" name="Clay200" pos="87" type="float"/>
		<Attribute length="4" name="Liquid200" pos="88" type="float"/>
		<Attribute length="4" name="Plastic200" pos="89" type="float"/>
		<Attribute length="4" name="AvailH2O200" pos="90" type="float"/>
		<Attribute length="4" name="BulkDen200" pos="91" type="float"/>
		<Attribute length="4" name="Omatter200" pos="92" type="float"/>
		<Attribute length="4" name="Perm200" pos="93" type="float"/>
		<Attribute length="4" name="Wilt200" pos="94" type="float"/>
		<Attribute length="4" name="Field200" pos="95" type="float"/>
		<Attribute length="4" name="Drain" pos="96" type="integer"/>
		<Attribute length="4" name="WtDep" pos="97" type="float"/>
		<Attribute length="4" name="BRDep" pos="98" type="float"/>
		<Attribute length="4" name="RootDep" pos="99" type="float"/>
		<Attribute length="4" name="PAV" pos="100" type="float"/>
		<Attribute length="4" name="AvgOfSand" pos="101" type="float"/>
		<Attribute length="4" name="h2oav" pos="102" type="float"/>
		<Attribute length="4" name="SumOfAvailH2O" pos="103" type="float"/>
		<Attribute length="4" name="OMkgm-2" pos="104" type="float"/>
	   </AttributeInfo>
           <StorageInfo Index="NC94_Soil_Catalog.bxml" RelationalStream_ID="NONE" StorageType="RelationalStream"/>
	  <SpatialRelation name="county_gml"/>
	</Relation>
	<Relation name="Crop">
	<DimensionInfo SpatialGranularity="county" SpatialRepresentation="FIPS" TemporalGranularity="year" TemporalRepresentation="integer" ctype="hybrid" rtype="spatiotemporal"/> 
	<Key>
  		<Attribute>FIPS</Attribute> 
		<Attribute>CoFIPS</Attribute> 
  		 
  	</Key> 
	<AttributeInfo NumberofAttributes="21">
		<Attribute length="32" name="FIPS" pos="0" type="string"/>
		<Attribute length="4" name="StFIPS" pos="1" type="integer"/>
		<Attribute length="4" name="CoFIPS" pos="2" type="integer"/>
		<Attribute length="32" name="State" pos="3" type="string"/>
		<Attribute length="32" name="County" partition="true" pos="4" type="string"/>
		<Attribute length="4" name="District" pos="5" type="integer"/>
		<Attribute length="4" name="Year" pos="6" type="integer"/>
		<Attribute length="32" name="Commodity" pos="7" type="string"/>
		<Attribute length="32" name="Practice" pos="8" type="string"/>
		<Attribute length="4" name="CommCode" pos="9" type="integer"/>
		<Attribute length="4" name="PracCode" pos="10" type="integer"/>
		<Attribute length="4" name="Planted" pos="11" type="integer"/>
		<Attribute length="4" name="PltdHarv" pos="12" type="integer"/>
		<Attribute length="4" name="Harvested" pos="13" type="integer"/>
		<Attribute length="4" name="PltdYld" pos="14" type="float"/>
		<Attribute length="4" name="Yield" pos="15" type="integer"/>
		<Attribute length="32" name="YieldUnit" pos="16" type="string"/>
		<Attribute length="4" name="Production" pos="17" type="float"/>
		<Attribute length="32" name="ProductionUnit" pos="18" type="string"/>
		<Attribute length="4" name="Sucrose" pos="19" type="float"/>
		<Attribute length="32" name="SucroseUnit" pos="20" type="string"/>
	</AttributeInfo>
	<StorageInfo Index="NC94_Crop_Catalog.bxml" RelationalStream_ID="FIPS" StorageType="RelationalStream.Set"/>
	<SpatialRelation name="county_gml"/>
	</Relation>
        <Relation ctype="heterogenous" name="NC94_NCR_GML_Maps" rtype="spatial">
            <XMLSchema>
            </XMLSchema>
        </Relation>
    </RelationList>
</Database>