<?xml-stylesheet type="text/xsl" href="../styles/books.xsl"?><BOOKLIST xmlns:xsi="http://www.w3.org/2001/XMLSchema-instance"
          xsi:noNamespaceSchemaLocation="books.xsd">
   <BOOKS>
      <ITEM CAT="MMP">
         <TITLE>Pride and Prejudice</TITLE>
         <AUTHOR>Jane Austen</AUTHOR>
         <PUBLISHER>Modern Library</PUBLISHER>
         <PUB-DATE>2002-12-31</PUB-DATE>
         <LANGUAGE>English</LANGUAGE>
         <PRICE>0.39999999999999997</PRICE>
         <QUANTITY>187</QUANTITY>
         <ISBN>0679601686</ISBN>
         <PAGES>352</PAGES>
         <DIMENSIONS UNIT="in">8.3 5.7 1.1</DIMENSIONS>
         <WEIGHT UNIT="oz">6.1</WEIGHT>
      </ITEM>
      <ITEM CAT="P">
         <TITLE>Wuthering Heights</TITLE>
         <AUTHOR>Charlotte Brontë</AUTHOR>
         <PUBLISHER>Penguin Classics</PUBLISHER>
         <PUB-DATE>2002-12-31</PUB-DATE>
         <LANGUAGE>English</LANGUAGE>
         <PRICE>0.39999999999999997</PRICE>
         <QUANTITY>113</QUANTITY>
         <ISBN>0141439556</ISBN>
         <PAGES>430</PAGES>
         <DIMENSIONS UNIT="in">1.0 5.2 7.8</DIMENSIONS>
         <WEIGHT UNIT="oz">11.2</WEIGHT>
      </ITEM>
      <ITEM CAT="P">
         <TITLE>Tess of the d'Urbervilles</TITLE>
         <AUTHOR>Thomas Hardy</AUTHOR>
         <PUBLISHER>Bantam Classics</PUBLISHER>
         <PUB-DATE>1984-05-01</PUB-DATE>
         <LANGUAGE>English</LANGUAGE>
         <PRICE>0.39999999999999997</PRICE>
         <QUANTITY>85</QUANTITY>
         <ISBN>0553211684</ISBN>
         <PAGES>480</PAGES>
         <DIMENSIONS UNIT="in">6.8 4.2 0.8</DIMENSIONS>
         <WEIGHT UNIT="oz">7.7</WEIGHT>
      </ITEM>
      <ITEM CAT="P">
         <TITLE>Jude the Obscure</TITLE>
         <AUTHOR>Thomas Hardy</AUTHOR>
         <PUBLISHER>Penguin Classics</PUBLISHER>
         <PUB-DATE>1998-09-01</PUB-DATE>
         <LANGUAGE>English</LANGUAGE>
         <PRICE>0.39999999999999997</PRICE>
         <QUANTITY>129</QUANTITY>
         <ISBN>0140435387</ISBN>
         <PAGES>528</PAGES>
         <DIMENSIONS UNIT="in">7.8 5.2 0.9</DIMENSIONS>
         <WEIGHT UNIT="oz">10.9</WEIGHT>
      </ITEM>
      <ITEM CAT="H">
         <TITLE>The Big Over Easy</TITLE>
         <AUTHOR>Jasper Fforde</AUTHOR>
         <PUBLISHER>Hodder &amp; Stoughton</PUBLISHER>
         <PUB-DATE>2005-07-11</PUB-DATE>
         <LANGUAGE>English</LANGUAGE>
         <PRICE>0.39999999999999997</PRICE>
         <QUANTITY>129</QUANTITY>
         <ISBN>0340835672</ISBN>
         <PAGES>346</PAGES>
         <DIMENSIONS UNIT="cm">22.5 18.0 3.5</DIMENSIONS>
         <WEIGHT UNIT="g">390</WEIGHT>
      </ITEM>
      <ITEM CAT="P">
         <TITLE>The Eyre Affair</TITLE>
         <AUTHOR>Jasper Fforde</AUTHOR>
         <PUBLISHER>Penguin</PUBLISHER>
         <PUB-DATE>2003-02-25</PUB-DATE>
         <LANGUAGE>English</LANGUAGE>
         <PRICE>0.39999999999999997</PRICE>
         <QUANTITY>129</QUANTITY>
         <ISBN>0142001805</ISBN>
         <PAGES>384</PAGES>
         <DIMENSIONS UNIT="in">7.8 5.0 0.9</DIMENSIONS>
         <WEIGHT UNIT="oz">9.0</WEIGHT>
      </ITEM>
   </BOOKS>
   <CATEGORIES DESC="Miscellaneous categories">
      <CATEGORY CODE="P" DESC="Paperback"/>
      <CATEGORY CODE="MMP" DESC="Mass-market Paperback"/>
      <CATEGORY CODE="H" DESC="Hard Cover"/>
   </CATEGORIES>
</BOOKLIST>