<?xml version="1.0" encoding="UTF-8" standalone="no"?>
<!--
  The SystemConfig.xml is created by Xinyuan Zhao on Jan 21, 2010.
  Updated by Xinyuan Zhao on Aug 5, 2010.

  It contains the configuration information for the CyDIW platform and its client systems. 
  Any command oriented client can be registered and used. 

-->

<RegistrationRoot>

<!--
  The <DefaultSystemRegistration> element below contains the classpath and librarypath 
  for the CyDIW main program. The path can be modified by the user.
  
  The type of each attribute in the "Element" element is defined as follows:

    Name : "CyDIW" is a reserved keyword. The value of this attribute cannot be 
    modified by the user.

    Prefix : "CyDB" and "OS" are reserved prefixes in CyDIW. 
    These prefixes cannot be used for any client system. 

    ClassPath : the relative path which contains the class files of the CyDIW system.
      For example, if the current path for CyDIW (set in the startDIW.bat file) is "E:\CyDIW_Root\", 
      and the class files of CyDIW reside at "E:\CyDIW_Root\CyDIWSystem\", 
      then the value of the "ClassPath" attribute should be set as "CyDIWSystem".

    LibraryPath : the relative path which contains the library files of the CyDIW system.
-->

  <DefaultSystemRegistration>
    <Element Name="CyDIW" Prefix="CyDB" 
       ClassPath="" 
       LibraryPath="lib" 
       WorkspacePath="CyDIW_Workspace" />
  </DefaultSystemRegistration>

<!--
  The client systems are registered in the <ExternalSystemRegistration> element. 
  A <Client> element is used to register each client. 
  
  Only clients with the Enabled = "yes" is loded when CyDIW is started. 
  No validity check is done for settings of clients with Enabled = "yes".  

  The type of each attribute in the <Client> element is defined as follows:

  Name : Name of a client, a string consisting of alphanumeric characters.

  Prefix : a string consisting of alphanumeric characters. 
  The prefixes must be unique accorss client systems even when lower and 
  upper cases are disregarded. For example, a prefix registered as MeSQL 
    can be used as "MeSQL", "meSql" or "mesql" by the user. 

  Type : "local", or "remote" 
  "local" : the client system resides in a directory that can be specified by a path in Windows 
  "remote" : the client system resides in a remote location, such as a SQL database server.

  ClassPath : the absolute path which contains the class files of the client system.

  LibraryPath : the absolute path which contains the library files of the client system.

  ClientAdapter : the full class name of the client adapter in the above classpath, 
  which will be the entry point of the client system.

  Enabled : "yes" or "no" 
  "yes" : the current "Client" entry is enabled, and the client will be loaded in CyDIW.
  "no" : the current "Client" entry is disabled, and its information will be ignored by CyDIW.
-->

  <ExternalSystemRegistration>
  <!--
    The "$OS" prefix is reserved for the OS command client adapter, 
    and is always loaded into CyDIW by default.

    <Client Name="OS" Prefix="OS" Enabled="yes"
       ClassPath="" LibraryPath="" 
       ClientAdapter="clientsmanager.clients.OSAdapter" />
  -->
    <Client Name="btree" Prefix="btree" Enabled="yes"
       ClassPath="" LibraryPath="" 
       ClientAdapter="btree.btreeparser.BTreeAdapter" />

    <Client Name="TemporalDB" Prefix="TDB" Enabled="no"
      ClassPath="" LibraryPath="" 
      ClientAdapter="" />

    <Client Name="NC94" Prefix="NC94" Enabled="yes"
      ClassPath="E:\workspace\CyDIW_v0.0" 
      LibraryPath="E:\workspace\CyDIW_v0.0\nc94\lib" 
      WorkspacePath="E:\workspace\NC94_workspace"
      ClientAdapter="nc94.commandparser.NC94Adapter" />

    <Client Name="NC94Query" Prefix="NC94Query" Enabled="yes"
      ClassPath="E:\workspace\CyDIW_v0.0" 
      LibraryPath="E:\workspace\CyDIW_v0.0\nc94\lib" 
      ClientAdapter="nc94.commandparser.NC94QueryAdapter" />

    <Client Name="CSXXQuery" Prefix="CsxXQ" Enabled="yes" Type="local" 
      ClassPath="E:\workspace\CyDIW_v0.0\CsxXQuery" 
      LibraryPath="" 
	  WorkspacePath="E:\workspace\CyDIW_v0.0\CyDIW_Workspace" 
      ClientAdapter="clientsmanager.clients.CsxXQAdapter" />

    <Client Name="Quilt" Prefix="Quilt" Enabled="yes"
      ClassPath="" 
      LibraryPath="quilt/lib" 
      ClientAdapter="quilt.KweeltAdapter" />

    <Client Name="MySQL" Prefix="MySQL" Enabled="yes"
      ClassPath="" 
      LibraryPath="E:\CyDIW_Root\CyDIW_Clients\sql\drivers" 
      ClientAdapter="clientsmanager.clients.SQLClientAdapter" DriverClass="com.mysql.jdbc.Driver" 
      ConnectionString="jdbc:mysql://localhost" 
      Username="root" Password="guilinjie" />

    <Client Name="MSAccess" Prefix="MeSQL" Enabled="no"
      ClassPath="" 
      LibraryPath="" 
      ClientAdapter="clientsmanager.clients.SQLClientAdapter" 
      DriverClass="sun.jdbc.odbc.JdbcOdbcDriver" 
      ConnectionString="jdbc:odbc:Driver={Microsoft Access Driver (*.mdb)};DBQ=E:\CyDIW_Root\Demos\Personnel_MSAccess_Database\PersonnelDB.mdb;DriverID=22;READONLY=false}" 
      Username="" Password="" />

    <Client Name="Saxon" Prefix="$Saxon" Enabled="yes"
      ClassPath="" 
      LibraryPath="saxon\lib" 
      WorkspacePath="E:\workspace\CyDIW_v0.0"
      ClientAdapter="clientsmanager.clients.SaxonAdapter" />

    <Client Name="EngineB" Prefix="EngineB" Enabled="yes"
      ClassPath="" 
      LibraryPath="" 
	  WorkspacePath="CyDIW_Workspace" 
      ClientAdapter="clientsmanager.clients.MXQueryAdapter" />
      
    <Client Name="EngineC" Prefix="EngineC" Enabled="yes"
      ClassPath="" 
      LibraryPath="xbird/lib" 
	  WorkspacePath="CyDIW_Workspace" 
      ClientAdapter="clientsmanager.clients.XBirdAdapter" />

	<Client Name="R" Prefix="R" Enabled="yes"
      ClassPath="C:\Program Files\R\R-2.12.1\bin\R" 
      LibraryPath="" 
      WorkspacePath=""
      ClientAdapter="clientsmanager.clients.RAdapter" />
      
    <Client Name="EDB" Prefix="$EDB" Enabled="no"
      ClassPath="E:\EDB" 
      LibraryPath="E:\EDB\edb\lib" 
	  WorkspacePath="E:\EDB\edb_workspace" 
      ClientAdapter="edb.parser.EDBCommandsParser" />
      
  </ExternalSystemRegistration>

</RegistrationRoot>
