<?xml version="1.0" encoding="UTF-8"?>
<University xmlns:xsi="http://www.w3.org/2001/XMLSchema-instance" xsi:noNamespaceSchemaLocation="University.OODB.xsd">
	<Person ID="p115423723">
		<Name>Wee Fletcher</Name>
		<Address>1234 Hayward Avenue</Address>
		<DOB>23/09/74</DOB>
	</Person>
	<Person ID="p118784412">
		<Name>Jinchao Henson</Name>
		<Address>236 Westland Street</Address>
		<DOB>24/07/76</DOB>
	</Person>
	<Person ID="p120308944">
		<Name>Gene Lehmer</Name>
		<Address>746 Creekside</Address>
		<DOB>12/06/74</DOB>
	</Person>
	<Person ID="p124208644">
		<Name>John Basaraba</Name>
		<Address>678 Westside Apartments</Address>
		<DOB>07/06/74</DOB>
	</Person>
	<Person ID="p126544126">
		<Name>Jason Wang</Name>
		<Address>876 Westburrow</Address>
		<DOB>15/09/77</DOB>
	</Person>
	<Person ID="p131838016">
		<Name>Daniel Woo</Name>
		<Address>890 3rd Street</Address>
		<DOB>12/03/76</DOB>
	</Person>
	<Person ID="p143293833">
		<Name>Jamie Yang</Name>
		<Address>365 Ash Avenue</Address>
		<DOB>08/02/72</DOB>
	</Person>
	<Person ID="p163728111">
		<Name>Todd Lu</Name>
		<Address>89 Williamstown</Address>
		<DOB>12/12/77</DOB>
	</Person>
	<Person ID="p164500920">
		<Name>Omar Shahnawaz</Name>
		<Address>8234 9th Street</Address>
		<DOB>28/08/75</DOB>
	</Person>
	<Person ID="p164776911">
		<Name>Jason Huang</Name>
		<Address>8900 Wilhelm Drive</Address>
		<DOB>30/09/76</DOB>
	</Person>
	<Person ID="p170815037">
		<Name>Yeow Huang</Name>
		<Address>3456 Osborn Drive</Address>
		<DOB>23/11/75</DOB>
	</Person>
	<Person ID="p185141262">
		<Name>William Stumpf</Name>
		<Address>6389 Stange Avenue</Address>
		<DOB>23/05/73</DOB>
	</Person>
	<Person ID="p191083779">
		<Name>Sameer Shah</Name>
		<Address>30 West Street</Address>
		<DOB>15/09/78</DOB>
	</Person>
	<Person ID="p201586985">
		<Name>Min Tuyet</Name>
		<Address>378 Northridge</Address>
		<DOB>03/12/76</DOB>
	</Person>
	<Person ID="p203745018">
		<Name>Brian Stumpf</Name>
		<Address>6780 Leword Avenue</Address>
		<DOB>01/09/76</DOB>
	</Person>
	<Person ID="p212976207">
		<Name>Jason Newman</Name>
		<Address>786 Johnson Avenue</Address>
		<DOB>28/09/74</DOB>
	</Person>
	<Person ID="p221157745">
		<Name>Adam Lee</Name>
		<Address>234 Lincoln Way</Address>
		<DOB>09/01/76</DOB>
	</Person>
	<Person ID="p222105935">
		<Name>Wee Wang</Name>
		<Address>368 Kennedy Blvd</Address>
		<DOB>12/01/78</DOB>
	</Person>
	<Person ID="p224620876">
		<Name>Feng Huang</Name>
		<Address>824 South Blvd</Address>
		<DOB>23/01/75</DOB>
	</Person>
	<Person ID="p232820149">
		<Name>Lin Zhou</Name>
		<Address>678 Prince Blvd</Address>
		<DOB>30/11/76</DOB>
	</Person>
	<Person ID="p252533260">
		<Name>Eric Wang</Name>
		<Address>3478 South 18th Street</Address>
		<DOB>14/04/75</DOB>
	</Person>
	<Person ID="p259028125">
		<Name>Aaron Newman</Name>
		<Address>456 Stanton Drive</Address>
		<DOB>14/03/76</DOB>
	</Person>
	<Person ID="p260369148">
		<Name>Yanqiu Huang</Name>
		<Address>780 Westpark</Address>
		<DOB>19/11/73</DOB>
	</Person>
	<Person ID="p261812056">
		<Name>Jason Carney</Name>
		<Address>864 9th Street</Address>
		<DOB>30/09/74</DOB>
	</Person>
	<Person ID="p262891588">
		<Name>Randy Hellman</Name>
		<Address>7832 Knapp Street</Address>
		<DOB>13/09/73</DOB>
	</Person>
	<Person ID="p271978135">
		<Name>Wen White</Name>
		<Address>834 West Street</Address>
		<DOB>11/04/76</DOB>
	</Person>
	<Person ID="p273277984">
		<Name>Lee Andrews</Name>
		<Address>786 Burlington</Address>
		<DOB>13/05/76</DOB>
	</Person>
	<Person ID="p279702622">
		<Name>Zhen Messer</Name>
		<Address>246 Creekside</Address>
		<DOB>13/03/74</DOB>
	</Person>
	<Person ID="p285719425">
		<Name>Chee Yang</Name>
		<Address>9602 Manhattan</Address>
		<DOB>04/03/77</DOB>
	</Person>
	<Person ID="p290986112">
		<Name>Golam Bagga</Name>
		<Address>468 Northridge</Address>
		<DOB>03/12/73</DOB>
	</Person>
	<Person ID="p296669559">
		<Name>Wee Tuyet</Name>
		<Address>2300 Westside Park</Address>
		<DOB>01/06/76</DOB>
	</Person>
	<Person ID="p302335678">
		<Name>Eric Dennis</Name>
		<Address>2345 Sterling Apartments</Address>
		<DOB>12/11/75</DOB>
	</Person>
	<Person ID="p308635036">
		<Name>Scot Lee</Name>
		<Address>3800 Bloomington</Address>
		<DOB>14/02/76</DOB>
	</Person>
	<Person ID="p315967897">
		<Name>Jialiang Jiang</Name>
		<Address>4563 South Street</Address>
		<DOB>16/03/74</DOB>
	</Person>
	<Person ID="p328718420">
		<Name>Colleen Parcher</Name>
		<Address>9046 Burlington</Address>
		<DOB>05/04/77</DOB>
	</Person>
	<Person ID="p330260152">
		<Name>Ling Tesar</Name>
		<Address>4678 West Street</Address>
		<DOB>06/05/78</DOB>
	</Person>
	<Person ID="p332012037">
		<Name>Randy Lewis</Name>
		<Address>34 Wilhelm Drive</Address>
		<DOB>07/06/72</DOB>
	</Person>
	<Person ID="p340502961">
		<Name>Josh Woo</Name>
		<Address>1002 Creekside</Address>
		<DOB>08/07/73</DOB>
	</Person>
	<Person ID="p363200537">
		<Name>Wee Whitteney</Name>
		<Address>1004 Northridge</Address>
		<DOB>09/08/74</DOB>
	</Person>
	<Person ID="p365774792">
		<Name>William Yang</Name>
		<Address>1800 13th Street</Address>
		<DOB>10/09/75</DOB>
	</Person>
	<Person ID="p382109560">
		<Name>Dennis Fletcher</Name>
		<Address>225 North Hyland</Address>
		<DOB>11/10/76</DOB>
	</Person>
	<Person ID="p386167477">
		<Name>Seth Carney</Name>
		<Address>346 Ash Drive</Address>
		<DOB>12/11/77</DOB>
	</Person>
	<Person ID="p387215322">
		<Name>Colleen Good</Name>
		<Address>356 Chamberlain Street</Address>
		<DOB>13/12/78</DOB>
	</Person>
	<Person ID="p391910519">
		<Name>Ming Jiang</Name>
		<Address>24 Main Street</Address>
		<DOB>14/01/72</DOB>
	</Person>
	<Person ID="p406746417">
		<Name>Ryan Schmidt</Name>
		<Address>240 East Lincoln Way</Address>
		<DOB>15/02/73</DOB>
	</Person>
	<Person ID="p409508678">
		<Name>Golam Mohammad</Name>
		<Address>2040 6th Street</Address>
		<DOB>16/03/74</DOB>
	</Person>
	<Person ID="p419180204">
		<Name>Kerry Marks</Name>
		<Address>2400 West Street</Address>
		<DOB>17/04/75</DOB>
	</Person>
	<Person ID="p432180765">
		<Name>Eric Loader</Name>
		<Address>268 Burlington</Address>
		<DOB>18/05/76</DOB>
	</Person>
	<Person ID="p449976666">
		<Name>Jun Wang</Name>
		<Address>1006 Lebert Hall</Address>
		<DOB>15/09/56</DOB>
	</Person>
	<Person ID="p463249547">
		<Name>Chad Moore</Name>
		<Address>245 Stange Avenue</Address>
		<DOB>19/06/77</DOB>
	</Person>
	<Person ID="p466094162">
		<Name>Stumpf Andrews</Name>
		<Address>3400 28th Street</Address>
		<DOB>20/07/78</DOB>
	</Person>
	<Person ID="p466388906">
		<Name>Darren Lehmann</Name>
		<Address>348 Duff Avenue</Address>
		<DOB>21/08/72</DOB>
	</Person>
	<Person ID="p467545237">
		<Name>Damien Martyn</Name>
		<Address>240 Pammel Drive</Address>
		<DOB>22/09/73</DOB>
	</Person>
	<Person ID="p477453864">
		<Name>Brett Lee</Name>
		<Address>340 Pammel Drive</Address>
		<DOB>23/10/74</DOB>
	</Person>
	<Person ID="p483223789">
		<Name>Jan Harvey</Name>
		<Address>2430 South Dakota</Address>
		<DOB>24/11/75</DOB>
	</Person>
	<Person ID="p483727101">
		<Name>Jim Slater</Name>
		<Address>2300 Franklin Avenue</Address>
		<DOB>25/12/76</DOB>
	</Person>
	<Person ID="p485619193">
		<Name>Daniel Hayden</Name>
		<Address>235 North Hyland</Address>
		<DOB>26/01/77</DOB>
	</Person>
	<Person ID="p490649143">
		<Name>Naseer Hussain</Name>
		<Address>263 North Hyland</Address>
		<DOB>27/02/78</DOB>
	</Person>
	<Person ID="p495490053">
		<Name>Michael Vaughan</Name>
		<Address>153 North Hyland</Address>
		<DOB>28/03/72</DOB>
	</Person>
	<Person ID="p500094214">
		<Name>Bradley Hoggs</Name>
		<Address>246 Franklin Avenue</Address>
		<DOB>29/04/72</DOB>
	</Person>
	<Person ID="p501674545">
		<Name>Dennis Patten</Name>
		<Address>240 Knapp Street</Address>
		<DOB>30/05/73</DOB>
	</Person>
	<Person ID="p504013895">
		<Name>Philip Simmons</Name>
		<Address>1008 Cooper Hall</Address>
		<DOB>12/11/60</DOB>
	</Person>
	<Person ID="p513110141">
		<Name>Augustin Logie</Name>
		<Address>230 Sheldon Avenue</Address>
		<DOB>01/06/74</DOB>
	</Person>
	<Person ID="p513729696">
		<Name>Barry Pollock</Name>
		<Address>246 Osborn Drive</Address>
		<DOB>02/07/75</DOB>
	</Person>
	<Person ID="p547083692">
		<Name>Neil Foster</Name>
		<Address>243 Union Drive</Address>
		<DOB>03/08/76</DOB>
	</Person>
	<Person ID="p550658107">
		<Name>Neil Radford</Name>
		<Address>245 University Village</Address>
		<DOB>04/09/77</DOB>
	</Person>
	<Person ID="p555010131">
		<Name>Graeme Dilly</Name>
		<Address>564 Schiletter</Address>
		<DOB>05/10/78</DOB>
	</Person>
	<Person ID="p587735656">
		<Name>Wilf slack</Name>
		<Address>560 Ash Avenue</Address>
		<DOB>06/11/72</DOB>
	</Person>
	<Person ID="p590987789">
		<Name>Alex Tudor</Name>
		<Address>44 Stanton Drive</Address>
		<DOB>07/12/73</DOB>
	</Person>
	<Person ID="p601496044">
		<Name>Craig White</Name>
		<Address>340 Duff Avenue</Address>
		<DOB>08/01/74</DOB>
	</Person>
	<Person ID="p616740646">
		<Name>Derek Crooks</Name>
		<Address>1200 28th Street</Address>
		<DOB>09/02/75</DOB>
	</Person>
	<Person ID="p644488789">
		<Name>Dave Whatmore</Name>
		<Address>1034 West Street</Address>
		<DOB>11/04/77</DOB>
	</Person>
	<Person ID="p658579865">
		<Name>Jeremy Koney</Name>
		<Address>2410 Chamberlain</Address>
		<DOB>12/05/78</DOB>
	</Person>
	<Person ID="p664353912">
		<Name>Merv Hughes</Name>
		<Address>2400 Sheldon Avenue</Address>
		<DOB>13/06/72</DOB>
	</Person>
	<Person ID="p685744439">
		<Name>John Bracewell</Name>
		<Address>1005 Lebert Hall</Address>
		<DOB>24/09/62</DOB>
	</Person>
	<Person ID="p696302689">
		<Name>Martin Crowe</Name>
		<Address>1240 Stanton Drive</Address>
		<DOB>14/07/73</DOB>
	</Person>
	<Person ID="p696335701">
		<Name>Gavin Larson</Name>
		<Address>1200 6th Street</Address>
		<DOB>15/08/74</DOB>
	</Person>
	<Person ID="p712524758">
		<Name>Chris Harris</Name>
		<Address>2300 Chamberlain</Address>
		<DOB>16/09/75</DOB>
	</Person>
	<Person ID="p712952591">
		<Name>Chris Cairns</Name>
		<Address>210 North Hyland</Address>
		<DOB>17/10/76</DOB>
	</Person>
	<Person ID="p722131306">
		<Name>Glen Turner</Name>
		<Address>2390 Ash Avenue</Address>
		<DOB>18/11/77</DOB>
	</Person>
	<Person ID="p737972250">
		<Name>Deepak Patel</Name>
		<Address>123 Bluebird Avenue</Address>
		<DOB>19/12/78</DOB>
	</Person>
	<Person ID="p743991555">
		<Name>Aldin Baptist</Name>
		<Address>2345 Knapp</Address>
		<DOB>20/01/72</DOB>
	</Person>
	<Person ID="p750913239">
		<Name>John Poweel</Name>
		<Address>234 13th Street</Address>
		<DOB>21/02/73</DOB>
	</Person>
	<Person ID="p774885901">
		<Name>Barbara Potters</Name>
		<Address>2786 6th Street</Address>
		<DOB>22/03/74</DOB>
	</Person>
	<Person ID="p785103478">
		<Name>Jennifer Lowe</Name>
		<Address>199 North Hyland</Address>
		<DOB>23/04/75</DOB>
	</Person>
	<Person ID="p785273479">
		<Name>Juan Rodriguez</Name>
		<Address>25 Thomson Blvd</Address>
		<DOB>24/05/76</DOB>
	</Person>
	<Person ID="p785811329">
		<Name>Marcus Trescothick</Name>
		<Address>34 Rampart Row</Address>
		<DOB>25/06/77</DOB>
	</Person>
	<Person ID="p787422802">
		<Name>Vikram Solanki</Name>
		<Address>678 Queens Blvd</Address>
		<DOB>26/07/78</DOB>
	</Person>
	<Person ID="p793034333">
		<Name>Ronnie Irani</Name>
		<Address>789 Gutherie Avenue</Address>
		<DOB>27/08/72</DOB>
	</Person>
	<Person ID="p801166066">
		<Name>Alan Sherear</Name>
		<Address>890 Richard Street</Address>
		<DOB>28/09/73</DOB>
	</Person>
	<Person ID="p803024290">
		<Name>Rud Gullit</Name>
		<Address>2345 West Street</Address>
		<DOB>29/10/74</DOB>
	</Person>
	<Person ID="p812073765">
		<Name>Martin Vasquez</Name>
		<Address>2678 Rand Street</Address>
		<DOB>30/11/75</DOB>
	</Person>
	<Person ID="p831142613">
		<Name>John Freeman</Name>
		<Address>2456 Stanton Street</Address>
		<DOB>31/12/76</DOB>
	</Person>
	<Person ID="p836826630">
		<Name>Philip Richards</Name>
		<Address>6754 Bluebird Avenue</Address>
		<DOB>01/01/77</DOB>
	</Person>
	<Person ID="p839437833">
		<Name>Phil Edmonds</Name>
		<Address>2312 Peder Street</Address>
		<DOB>02/02/78</DOB>
	</Person>
	<Person ID="p845037919">
		<Name>John Emburey</Name>
		<Address>3452 Warden Road</Address>
		<DOB>03/03/72</DOB>
	</Person>
	<Person ID="p850631208">
		<Name>Robin Smith</Name>
		<Address>4562 Carmichael Road</Address>
		<DOB>04/04/73</DOB>
	</Person>
	<Person ID="p862952924">
		<Name>Gavin Robertson</Name>
		<Address>7654 Hill Road</Address>
		<DOB>05/05/74</DOB>
	</Person>
	<Person ID="p867910658">
		<Name>Justin Langer</Name>
		<Address>5678 Mcnally Street</Address>
		<DOB>06/06/75</DOB>
	</Person>
	<Person ID="p876550324">
		<Name>Greg Blewett</Name>
		<Address>234 Dayton</Address>
		<DOB>07/07/76</DOB>
	</Person>
	<Person ID="p885469446">
		<Name>John Matthews</Name>
		<Address>578 3rd Street</Address>
		<DOB>08/08/77</DOB>
	</Person>
	<Person ID="p895255243">
		<Name>Ray Bright</Name>
		<Address>1001 Cooper Hall</Address>
		<DOB>11/12/55</DOB>
	</Person>
	<Person ID="p901511548">
		<Name>Evan Chatfield</Name>
		<Address>1002 Cooper Hall</Address>
		<DOB>04/03/63</DOB>
	</Person>
	<Person ID="p905922853">
		<Name>Shaun Elliot</Name>
		<Address>456 Carver Street</Address>
		<DOB>09/09/78</DOB>
	</Person>
	<Person ID="p907425648">
		<Name>Perminder Singh</Name>
		<Address>1003 Cooper Hall</Address>
		<DOB>28/11/52</DOB>
	</Person>
	<Person ID="p909334701">
		<Name>Jacques Kallis</Name>
		<Address>1004 Cooper Hall</Address>
		<DOB>27/02/64</DOB>
	</Person>
	<Person ID="p916916939">
		<Name>Alan Donald</Name>
		<Address>2410 Knapp Street</Address>
		<DOB>10/10/72</DOB>
	</Person>
	<Person ID="p924248824">
		<Name>Geoff Marsh</Name>
		<Address>2345 Wembley</Address>
		<DOB>11/11/73</DOB>
	</Person>
	<Person ID="p930231660">
		<Name>David Boon</Name>
		<Address>1005 Cooper Hall</Address>
		<DOB>04/07/65</DOB>
	</Person>
	<Person ID="p952145559">
		<Name>Dean Jones</Name>
		<Address>1006 Cooper Hall</Address>
		<DOB>02/01/62</DOB>
	</Person>
	<Person ID="p956234659">
		<Name>Tom Moody</Name>
		<Address>590 James Street</Address>
		<DOB>12/12/74</DOB>
	</Person>
	<Person ID="p961874958">
		<Name>Ricky Ponting</Name>
		<Address>592 James Street</Address>
		<DOB>13/01/75</DOB>
	</Person>
	<Person ID="p965882492">
		<Name>Alan Border</Name>
		<Address>1007 Cooper Hall</Address>
		<DOB>24/01/63</DOB>
	</Person>
	<Person ID="p973071948">
		<Name>Kepler Wessels</Name>
		<Address>234 Bloomington</Address>
		<DOB>14/02/76</DOB>
	</Person>
	<Person ID="p980102825">
		<Name>Peter Kirsten</Name>
		<Address>1468 Stanton Avenue</Address>
		<DOB>15/03/77</DOB>
	</Person>
	<Person ID="p985954783">
		<Name>Chris Pringle</Name>
		<Address>2456 East London</Address>
		<DOB>16/04/78</DOB>
	</Person>
	<Person ID="p992485307">
		<Name>Craig Matthews</Name>
		<Address>290 Riddle Street</Address>
		<DOB>17/05/72</DOB>
	</Person>
	<Person ID="p996056608">
		<Name>Richard Snell</Name>
		<Address>256 Franklin Street</Address>
		<DOB>18/06/73</DOB>
	</Person>
	<Person ID="p997111094">
		<Name>Richard Ellison</Name>
		<Address>456 Ontario</Address>
		<DOB>19/07/74</DOB>
	</Person>
	<Person ID="p480293439">
		<Name>Jason Briggs</Name>
		<Address>215, N.Hyland Ave.</Address>
		<DOB>15/01/75</DOB>
	</Person>
	<Person ID="p000957303">
		<Name>Horns Trevor</Name>
		<Address>23, Canberra St.</Address>
		<DOB>23/12/64</DOB>
	</Person>
	<Faculty FacultyID="f201586985">
		<As_Person PersonID="p201586985"/>
		<Salary>120000</Salary>
		<Rank>Professor</Rank>
	</Faculty>
	<Faculty FacultyID="f386167477">
		<As_Person PersonID="p386167477"/>
		<Salary>100000</Salary>
		<Rank>Reader</Rank>
	</Faculty>
	<Faculty FacultyID="f463249547">
		<As_Person PersonID="p463249547"/>
		<Salary>100000</Salary>
		<Rank>Reader</Rank>
	</Faculty>
	<Faculty FacultyID="f466388906">
		<As_Person PersonID="p466388906"/>
		<Salary>88000</Salary>
		<Rank>Instructor</Rank>
	</Faculty>
	<Faculty FacultyID="f555010131">
		<As_Person PersonID="p555010131"/>
		<Salary>120000</Salary>
		<Rank>Professor</Rank>
	</Faculty>
	<Faculty FacultyID="f685744439">
		<As_Person PersonID="p685744439"/>
		<Salary>100000</Salary>
		<Rank>Reader</Rank>
	</Faculty>
	<Faculty FacultyID="f696335701">
		<As_Person PersonID="p696335701"/>
		<Salary>80000</Salary>
		<Rank>Instructor</Rank>
	</Faculty>
	<Faculty FacultyID="f836826630">
		<As_Person PersonID="p836826630"/>
		<Salary>80000</Salary>
		<Rank>Instructor</Rank>
	</Faculty>
	<Faculty FacultyID="f961874958">
		<As_Person PersonID="p961874958"/>
		<Salary>132000</Salary>
		<Rank>Professor</Rank>
	</Faculty>
	<Faculty FacultyID="f997111094">
		<As_Person PersonID="p997111094"/>
		<Salary>100000</Salary>
		<Rank>Reader</Rank>
	</Faculty>
	<Student StudentID="s118784412">
		<As_Person PersonID="p118784412"/>
		<Classification>Sophomore</Classification>
		<CreditHours>39</CreditHours>
		<GPA>3.19</GPA>
		<Mentor FacultyID="f201586985"/>
	</Student>
	<Student StudentID="s124208644">
		<As_Person PersonID="p124208644"/>
		<Classification>Senior</Classification>
		<CreditHours>96</CreditHours>
		<GPA>2.78</GPA>
		<Mentor FacultyID="f997111094"/>
	</Student>
	<Student StudentID="s131838016">
		<As_Person PersonID="p131838016"/>
		<Classification>Junior</Classification>
		<CreditHours>68</CreditHours>
		<GPA>2.95</GPA>
		<Mentor FacultyID="f386167477"/>
	</Student>
	<Student StudentID="s143293833">
		<As_Person PersonID="p143293833"/>
		<Classification>Freshman</Classification>
		<CreditHours>21</CreditHours>
		<GPA>3.46</GPA>
		<Mentor FacultyID="f463249547"/>
	</Student>
	<Student StudentID="s163728111">
		<As_Person PersonID="p163728111"/>
		<Classification>Sophomore</Classification>
		<CreditHours>42</CreditHours>
		<GPA>3.66</GPA>
		<Mentor FacultyID="f386167477"/>
	</Student>
	<Student StudentID="s164500920">
		<As_Person PersonID="p164500920"/>
		<Classification>Senior</Classification>
		<CreditHours>99</CreditHours>
		<GPA>3.78</GPA>
		<Mentor FacultyID="f201586985"/>
	</Student>
	<Student StudentID="s164776911">
		<As_Person PersonID="p164776911"/>
		<Classification>Junior</Classification>
		<CreditHours>76</CreditHours>
		<GPA>4</GPA>
		<Mentor FacultyID="f201586985"/>
	</Student>
	<Student StudentID="s170815037">
		<As_Person PersonID="p170815037"/>
		<Classification>Freshman</Classification>
		<CreditHours>21</CreditHours>
		<GPA>3.56</GPA>
		<Mentor FacultyID="f466388906"/>
	</Student>
	<Student StudentID="s185141262">
		<As_Person PersonID="p185141262"/>
		<Classification>Sophomore</Classification>
		<CreditHours>54</CreditHours>
		<GPA>2.29</GPA>
		<Mentor FacultyID="f386167477"/>
	</Student>
	<Student StudentID="s191083779">
		<As_Person PersonID="p191083779"/>
		<Classification>Senior</Classification>
		<CreditHours>98</CreditHours>
		<GPA>4</GPA>
		<Mentor FacultyID="f685744439"/>
	</Student>
	<Student StudentID="s203745018">
		<As_Person PersonID="p203745018"/>
		<Classification>Junior</Classification>
		<CreditHours>70</CreditHours>
		<GPA>3.45</GPA>
		<Mentor FacultyID="f997111094"/>
	</Student>
	<Student StudentID="s212976207">
		<As_Person PersonID="p212976207"/>
		<Classification>Freshman</Classification>
		<CreditHours>24</CreditHours>
		<GPA>4</GPA>
		<Mentor FacultyID="f555010131"/>
	</Student>
	<Student StudentID="s222105935">
		<As_Person PersonID="p222105935"/>
		<Classification>Sophomore</Classification>
		<CreditHours>39</CreditHours>
		<GPA>3.23</GPA>
		<Mentor FacultyID="f466388906"/>
	</Student>
	<Student StudentID="s224620876">
		<As_Person PersonID="p224620876"/>
		<Classification>Senior</Classification>
		<CreditHours>105</CreditHours>
		<GPA>3.3</GPA>
		<Mentor FacultyID="f997111094"/>
	</Student>
	<Student StudentID="s232820149">
		<As_Person PersonID="p232820149"/>
		<Classification>Junior</Classification>
		<CreditHours>69</CreditHours>
		<GPA>2.3</GPA>
		<Mentor FacultyID="f836826630"/>
	</Student>
	<Student StudentID="s252533260">
		<As_Person PersonID="p252533260"/>
		<Classification>Freshman</Classification>
		<CreditHours>24</CreditHours>
		<GPA>2.19</GPA>
		<Mentor FacultyID="f696335701"/>
	</Student>
	<Student StudentID="s260369148">
		<As_Person PersonID="p260369148"/>
		<Classification>Sophomore</Classification>
		<CreditHours>39</CreditHours>
		<GPA>2.99</GPA>
		<Mentor FacultyID="f696335701"/>
	</Student>
	<Student StudentID="s261812056">
		<As_Person PersonID="p261812056"/>
		<Classification>Senior</Classification>
		<CreditHours>102</CreditHours>
		<GPA>3.48</GPA>
		<Mentor FacultyID="f463249547"/>
	</Student>
	<Student StudentID="s262891588">
		<As_Person PersonID="p262891588"/>
		<Classification>Junior</Classification>
		<CreditHours>82</CreditHours>
		<GPA>3.5</GPA>
		<Mentor FacultyID="f555010131"/>
	</Student>
	<Student StudentID="s271978135">
		<As_Person PersonID="p271978135"/>
		<Classification>Freshman</Classification>
		<CreditHours>24</CreditHours>
		<GPA>3.78</GPA>
		<Mentor FacultyID="f836826630"/>
	</Student>
	<Student StudentID="s273277984">
		<As_Person PersonID="p273277984"/>
		<Classification>Sophomore</Classification>
		<CreditHours>42</CreditHours>
		<GPA>3.9</GPA>
		<Mentor FacultyID="f386167477"/>
	</Student>
	<Student StudentID="s279702622">
		<As_Person PersonID="p279702622"/>
		<Classification>Senior</Classification>
		<CreditHours>105</CreditHours>
		<GPA>3.45</GPA>
		<Mentor FacultyID="f836826630"/>
	</Student>
	<Student StudentID="s285719425">
		<As_Person PersonID="p285719425"/>
		<Classification>Junior</Classification>
		<CreditHours>72</CreditHours>
		<GPA>2.3</GPA>
		<Mentor FacultyID="f961874958"/>
	</Student>
	<Student StudentID="s290986112">
		<As_Person PersonID="p290986112"/>
		<Classification>Freshman</Classification>
		<CreditHours>18</CreditHours>
		<GPA>3.23</GPA>
		<Mentor FacultyID="f685744439"/>
	</Student>
	<Student StudentID="s296669559">
		<As_Person PersonID="p296669559"/>
		<Classification>Sophomore</Classification>
		<CreditHours>48</CreditHours>
		<GPA>3.67</GPA>
		<Mentor FacultyID="f836826630"/>
	</Student>
	<Student StudentID="s302335678">
		<As_Person PersonID="p302335678"/>
		<Classification>Senior</Classification>
		<CreditHours>105</CreditHours>
		<GPA>3.66</GPA>
		<Mentor FacultyID="f997111094"/>
	</Student>
	<Student StudentID="s308635036">
		<As_Person PersonID="p308635036"/>
		<Classification>Junior</Classification>
		<CreditHours>78</CreditHours>
		<GPA>3.45</GPA>
		<Mentor FacultyID="f961874958"/>
	</Student>
	<Student StudentID="s315967897">
		<As_Person PersonID="p315967897"/>
		<Classification>Freshman</Classification>
		<CreditHours>18</CreditHours>
		<GPA>3.89</GPA>
		<Mentor FacultyID="f463249547"/>
	</Student>
	<Student StudentID="s328718420">
		<As_Person PersonID="p328718420"/>
		<Classification>Sophomore</Classification>
		<CreditHours>42</CreditHours>
		<GPA>3.96</GPA>
		<Mentor FacultyID="f997111094"/>
	</Student>
	<Student StudentID="s332012037">
		<As_Person PersonID="p332012037"/>
		<Classification>Senior</Classification>
		<CreditHours>99</CreditHours>
		<GPA>3.45</GPA>
		<Mentor FacultyID="f386167477"/>
	</Student>
	<Student StudentID="s340502961">
		<As_Person PersonID="p340502961"/>
		<Classification>Junior</Classification>
		<CreditHours>82</CreditHours>
		<GPA>3.78</GPA>
		<Mentor FacultyID="f685744439"/>
	</Student>
	<Student StudentID="s363200537">
		<As_Person PersonID="p363200537"/>
		<Classification>Freshman</Classification>
		<CreditHours>27</CreditHours>
		<GPA>2.67</GPA>
		<Mentor FacultyID="f555010131"/>
	</Student>
	<Student StudentID="s365774792">
		<As_Person PersonID="p365774792"/>
		<Classification>Sophomore</Classification>
		<CreditHours>56</CreditHours>
		<GPA>2.45</GPA>
		<Mentor FacultyID="f463249547"/>
	</Student>
	<Student StudentID="s382109560">
		<As_Person PersonID="p382109560"/>
		<Classification>Senior</Classification>
		<CreditHours>95</CreditHours>
		<GPA>2.78</GPA>
		<Mentor FacultyID="f696335701"/>
	</Student>
	<Student StudentID="s387215322">
		<As_Person PersonID="p387215322"/>
		<Classification>Junior</Classification>
		<CreditHours>78</CreditHours>
		<GPA>2.89</GPA>
		<Mentor FacultyID="f201586985"/>
	</Student>
	<Student StudentID="s391910519">
		<As_Person PersonID="p391910519"/>
		<Classification>Freshman</Classification>
		<CreditHours>18</CreditHours>
		<GPA>2.67</GPA>
		<Mentor FacultyID="f386167477"/>
	</Student>
	<Student StudentID="s406746417">
		<As_Person PersonID="p406746417"/>
		<Classification>Sophomore</Classification>
		<CreditHours>48</CreditHours>
		<GPA>2.34</GPA>
		<Mentor FacultyID="f836826630"/>
	</Student>
	<Student StudentID="s409508678">
		<As_Person PersonID="p409508678"/>
		<Classification>Senior</Classification>
		<CreditHours>98</CreditHours>
		<GPA>3.47</GPA>
		<Mentor FacultyID="f997111094"/>
	</Student>
	<Student StudentID="s419180204">
		<As_Person PersonID="p419180204"/>
		<Classification>Junior</Classification>
		<CreditHours>76</CreditHours>
		<GPA>3.89</GPA>
		<Mentor FacultyID="f466388906"/>
	</Student>
	<Student StudentID="s432180765">
		<As_Person PersonID="p432180765"/>
		<Classification>Freshman</Classification>
		<CreditHours>12</CreditHours>
		<GPA>3.89</GPA>
		<Mentor FacultyID="f201586985"/>
	</Student>
	<Student StudentID="s449976666">
		<As_Person PersonID="p449976666"/>
		<Classification>Sophomore</Classification>
		<CreditHours>45</CreditHours>
		<GPA>3.65</GPA>
		<Mentor FacultyID="f466388906"/>
	</Student>
	<Student StudentID="s466094162">
		<As_Person PersonID="p466094162"/>
		<Classification>Senior</Classification>
		<CreditHours>112</CreditHours>
		<GPA>3.88</GPA>
		<Mentor FacultyID="f555010131"/>
	</Student>
	<Student StudentID="s467545237">
		<As_Person PersonID="p467545237"/>
		<Classification>Junior</Classification>
		<CreditHours>78</CreditHours>
		<GPA>3.56</GPA>
		<Mentor FacultyID="f961874958"/>
	</Student>
	<Student StudentID="s477453864">
		<As_Person PersonID="p477453864"/>
		<Classification>Freshman</Classification>
		<CreditHours>12</CreditHours>
		<GPA>3.9</GPA>
		<Mentor FacultyID="f961874958"/>
	</Student>
	<Student StudentID="s483223789">
		<As_Person PersonID="p483223789"/>
		<Classification>Sophomore</Classification>
		<CreditHours>48</CreditHours>
		<GPA>3.96</GPA>
		<Mentor FacultyID="f555010131"/>
	</Student>
	<Student StudentID="s483727101">
		<As_Person PersonID="p483727101"/>
		<Classification>Senior</Classification>
		<CreditHours>102</CreditHours>
		<GPA>3.76</GPA>
		<Mentor FacultyID="f201586985"/>
	</Student>
	<Student StudentID="s485619193">
		<As_Person PersonID="p485619193"/>
		<Classification>Junior</Classification>
		<CreditHours>78</CreditHours>
		<GPA>3.21</GPA>
		<Mentor FacultyID="f555010131"/>
	</Student>
	<Student StudentID="s490649143">
		<As_Person PersonID="p490649143"/>
		<Classification>Freshman</Classification>
		<CreditHours>27</CreditHours>
		<GPA>3.19</GPA>
		<Mentor FacultyID="f836826630"/>
	</Student>
	<Student StudentID="s495490053">
		<As_Person PersonID="p495490053"/>
		<Classification>Sophomore</Classification>
		<CreditHours>39</CreditHours>
		<GPA>2.89</GPA>
		<Mentor FacultyID="f836826630"/>
	</Student>
	<Student StudentID="s500094214">
		<As_Person PersonID="p500094214"/>
		<Classification>Senior</Classification>
		<CreditHours>112</CreditHours>
		<GPA>3.45</GPA>
		<Mentor FacultyID="f696335701"/>
	</Student>
	<Student StudentID="s501674545">
		<As_Person PersonID="p501674545"/>
		<Classification>Junior</Classification>
		<CreditHours>78</CreditHours>
		<GPA>2.78</GPA>
		<Mentor FacultyID="f685744439"/>
	</Student>
	<Student StudentID="s504013895">
		<As_Person PersonID="p504013895"/>
		<Classification>Freshman</Classification>
		<CreditHours>18</CreditHours>
		<GPA>2.98</GPA>
		<Mentor FacultyID="f997111094"/>
	</Student>
	<Student StudentID="s513110141">
		<As_Person PersonID="p513110141"/>
		<Classification>Sophomore</Classification>
		<CreditHours>48</CreditHours>
		<GPA>2.34</GPA>
		<Mentor FacultyID="f696335701"/>
	</Student>
	<Student StudentID="s513729696">
		<As_Person PersonID="p513729696"/>
		<Classification>Senior</Classification>
		<CreditHours>102</CreditHours>
		<GPA>1.98</GPA>
		<Mentor FacultyID="f685744439"/>
	</Student>
	<Student StudentID="s550658107">
		<As_Person PersonID="p550658107"/>
		<Classification>Junior</Classification>
		<CreditHours>66</CreditHours>
		<GPA>2.14</GPA>
		<Mentor FacultyID="f696335701"/>
	</Student>
	<Student StudentID="s587735656">
		<As_Person PersonID="p587735656"/>
		<Classification>Freshman</Classification>
		<CreditHours>25</CreditHours>
		<GPA>3.45</GPA>
		<Mentor FacultyID="f463249547"/>
	</Student>
	<Student StudentID="s590987789">
		<As_Person PersonID="p590987789"/>
		<Classification>Sophomore</Classification>
		<CreditHours>45</CreditHours>
		<GPA>3.23</GPA>
		<Mentor FacultyID="f685744439"/>
	</Student>
	<Student StudentID="s601496044">
		<As_Person PersonID="p601496044"/>
		<Classification>Senior</Classification>
		<CreditHours>105</CreditHours>
		<GPA>3.45</GPA>
		<Mentor FacultyID="f997111094"/>
	</Student>
	<Student StudentID="s644488789">
		<As_Person PersonID="p644488789"/>
		<Classification>Freshman</Classification>
		<CreditHours>24</CreditHours>
		<GPA>2.99</GPA>
		<Mentor FacultyID="f466388906"/>
	</Student>
	<Student StudentID="s658579865">
		<As_Person PersonID="p658579865"/>
		<Classification>Sophomore</Classification>
		<CreditHours>42</CreditHours>
		<GPA>3.67</GPA>
		<Mentor FacultyID="f836826630"/>
	</Student>
	<Student StudentID="s664353912">
		<As_Person PersonID="p664353912"/>
		<Classification>Senior</Classification>
		<CreditHours>99</CreditHours>
		<GPA>3.89</GPA>
		<Mentor FacultyID="f466388906"/>
	</Student>
	<Student StudentID="s696302689">
		<As_Person PersonID="p696302689"/>
		<Classification>Junior</Classification>
		<CreditHours>81</CreditHours>
		<GPA>3.9</GPA>
		<Mentor FacultyID="f463249547"/>
	</Student>
	<Student StudentID="s712524758">
		<As_Person PersonID="p712524758"/>
		<Classification>Freshman</Classification>
		<CreditHours>21</CreditHours>
		<GPA>4</GPA>
		<Mentor FacultyID="f555010131"/>
	</Student>
	<Student StudentID="s712952591">
		<As_Person PersonID="p712952591"/>
		<Classification>Junior</Classification>
		<CreditHours>72</CreditHours>
		<GPA>3.98</GPA>
		<Mentor FacultyID="f463249547"/>
	</Student>
	<Student StudentID="s722131306">
		<As_Person PersonID="p722131306"/>
		<Classification>Senior</Classification>
		<CreditHours>112</CreditHours>
		<GPA>3.87</GPA>
		<Mentor FacultyID="f201586985"/>
	</Student>
	<Student StudentID="s737972250">
		<As_Person PersonID="p737972250"/>
		<Classification>Junior</Classification>
		<CreditHours>80</CreditHours>
		<GPA>3.45</GPA>
		<Mentor FacultyID="f997111094"/>
	</Student>
	<Student StudentID="s743991555">
		<As_Person PersonID="p743991555"/>
		<Classification>Freshman</Classification>
		<CreditHours>27</CreditHours>
		<GPA>3.23</GPA>
		<Mentor FacultyID="f463249547"/>
	</Student>
	<Student StudentID="s750913239">
		<As_Person PersonID="p750913239"/>
		<Classification>Sophomore</Classification>
		<CreditHours>54</CreditHours>
		<GPA>3.23</GPA>
		<Mentor FacultyID="f466388906"/>
	</Student>
	<Student StudentID="s774885901">
		<As_Person PersonID="p774885901"/>
		<Classification>Senior</Classification>
		<CreditHours>99</CreditHours>
		<GPA>3.67</GPA>
		<Mentor FacultyID="f463249547"/>
	</Student>
	<Student StudentID="s785103478">
		<As_Person PersonID="p785103478"/>
		<Classification>Junior</Classification>
		<CreditHours>84</CreditHours>
		<GPA>3.78</GPA>
		<Mentor FacultyID="f997111094"/>
	</Student>
	<Student StudentID="s785273479">
		<As_Person PersonID="p785273479"/>
		<Classification>Freshman</Classification>
		<CreditHours>24</CreditHours>
		<GPA>3.89</GPA>
		<Mentor FacultyID="f685744439"/>
	</Student>
	<Student StudentID="s785811329">
		<As_Person PersonID="p785811329"/>
		<Classification>Sophomore</Classification>
		<CreditHours>48</CreditHours>
		<GPA>2.67</GPA>
		<Mentor FacultyID="f685744439"/>
	</Student>
	<Student StudentID="s787422802">
		<As_Person PersonID="p787422802"/>
		<Classification>Senior</Classification>
		<CreditHours>94</CreditHours>
		<GPA>3</GPA>
		<Mentor FacultyID="f463249547"/>
	</Student>
	<Student StudentID="s793034333">
		<As_Person PersonID="p793034333"/>
		<Classification>Junior</Classification>
		<CreditHours>75</CreditHours>
		<GPA>3.17</GPA>
		<Mentor FacultyID="f961874958"/>
	</Student>
	<Student StudentID="s801166066">
		<As_Person PersonID="p801166066"/>
		<Classification>Freshman</Classification>
		<CreditHours>18</CreditHours>
		<GPA>3.12</GPA>
		<Mentor FacultyID="f685744439"/>
	</Student>
	<Student StudentID="s803024290">
		<As_Person PersonID="p803024290"/>
		<Classification>Sophomore</Classification>
		<CreditHours>54</CreditHours>
		<GPA>3.89</GPA>
		<Mentor FacultyID="f997111094"/>
	</Student>
	<Student StudentID="s812073765">
		<As_Person PersonID="p812073765"/>
		<Classification>Senior</Classification>
		<CreditHours>105</CreditHours>
		<GPA>4</GPA>
		<Mentor FacultyID="f386167477"/>
	</Student>
	<Student StudentID="s831142613">
		<As_Person PersonID="p831142613"/>
		<Classification>Junior</Classification>
		<CreditHours>75</CreditHours>
		<GPA>3.67</GPA>
		<Mentor FacultyID="f555010131"/>
	</Student>
	<Student StudentID="s845037919">
		<As_Person PersonID="p845037919"/>
		<Classification>Freshman</Classification>
		<CreditHours>24</CreditHours>
		<GPA>2.34</GPA>
		<Mentor FacultyID="f386167477"/>
	</Student>
	<Student StudentID="s850631208">
		<As_Person PersonID="p850631208"/>
		<Classification>Sophomore</Classification>
		<CreditHours>52</CreditHours>
		<GPA>2.19</GPA>
		<Mentor FacultyID="f997111094"/>
	</Student>
	<Student StudentID="s862952924">
		<As_Person PersonID="p862952924"/>
		<Classification>Senior</Classification>
		<CreditHours>96</CreditHours>
		<GPA>1.96</GPA>
		<Mentor FacultyID="f555010131"/>
	</Student>
	<Student StudentID="s867910658">
		<As_Person PersonID="p867910658"/>
		<Classification>Junior</Classification>
		<CreditHours>75</CreditHours>
		<GPA>3.89</GPA>
		<Mentor FacultyID="f386167477"/>
	</Student>
	<Student StudentID="s876550324">
		<As_Person PersonID="p876550324"/>
		<Classification>Freshman</Classification>
		<CreditHours>21</CreditHours>
		<GPA>3.89</GPA>
		<Mentor FacultyID="f836826630"/>
	</Student>
	<Student StudentID="s885469446">
		<As_Person PersonID="p885469446"/>
		<Classification>Sophomore</Classification>
		<CreditHours>48</CreditHours>
		<GPA>3.45</GPA>
		<Mentor FacultyID="f961874958"/>
	</Student>
	<Student StudentID="s895255243">
		<As_Person PersonID="p895255243"/>
		<Classification>Senior</Classification>
		<CreditHours>98</CreditHours>
		<GPA>3.42</GPA>
		<Mentor FacultyID="f201586985"/>
	</Student>
	<Student StudentID="s901511548">
		<As_Person PersonID="p901511548"/>
		<Classification>Junior</Classification>
		<CreditHours>80</CreditHours>
		<GPA>3.32</GPA>
		<Mentor FacultyID="f201586985"/>
	</Student>
	<Student StudentID="s905922853">
		<As_Person PersonID="p905922853"/>
		<Classification>Freshman</Classification>
		<CreditHours>21</CreditHours>
		<GPA>3.4</GPA>
		<Mentor FacultyID="f466388906"/>
	</Student>
	<Student StudentID="s907425648">
		<As_Person PersonID="p907425648"/>
		<Classification>Sophomore</Classification>
		<CreditHours>52</CreditHours>
		<GPA>4</GPA>
		<Mentor FacultyID="f555010131"/>
	</Student>
	<Student StudentID="s909334701">
		<As_Person PersonID="p909334701"/>
		<Classification>Senior</Classification>
		<CreditHours>105</CreditHours>
		<GPA>3.12</GPA>
		<Mentor FacultyID="f466388906"/>
	</Student>
	<Student StudentID="s916916939">
		<As_Person PersonID="p916916939"/>
		<Classification>Junior</Classification>
		<CreditHours>80</CreditHours>
		<GPA>3.9</GPA>
		<Mentor FacultyID="f696335701"/>
	</Student>
	<Student StudentID="s930231660">
		<As_Person PersonID="p930231660"/>
		<Classification>Freshman</Classification>
		<CreditHours>21</CreditHours>
		<GPA>3.87</GPA>
		<Mentor FacultyID="f463249547"/>
	</Student>
	<Student StudentID="s952145559">
		<As_Person PersonID="p952145559"/>
		<Classification>Sophomore</Classification>
		<CreditHours>54</CreditHours>
		<GPA>4</GPA>
		<Mentor FacultyID="f836826630"/>
	</Student>
	<Student StudentID="s956234659">
		<As_Person PersonID="p956234659"/>
		<Classification>Senior</Classification>
		<CreditHours>95</CreditHours>
		<GPA>4</GPA>
		<Mentor FacultyID="f997111094"/>
	</Student>
	<Student StudentID="s965882492">
		<As_Person PersonID="p965882492"/>
		<Classification>Junior</Classification>
		<CreditHours>76</CreditHours>
		<GPA>3.89</GPA>
		<Mentor FacultyID="f961874958"/>
	</Student>
	<Student StudentID="s973071948">
		<As_Person PersonID="p973071948"/>
		<Classification>Freshman</Classification>
		<CreditHours>24</CreditHours>
		<GPA>3.98</GPA>
		<Mentor FacultyID="f466388906"/>
	</Student>
	<Student StudentID="s980102825">
		<As_Person PersonID="p980102825"/>
		<Classification>Sophomore</Classification>
		<CreditHours>45</CreditHours>
		<GPA>3.42</GPA>
		<Mentor FacultyID="f463249547"/>
	</Student>
	<Student StudentID="s480293439">
		<As_Person PersonID="p480293439"/>
		<Classification>Junior</Classification>
		<CreditHours>75</CreditHours>
		<GPA>3.48</GPA>
		<Mentor FacultyID="f386167477"/>
	</Student>
	<Course CourseCode="CS227">
		<CourseName>Introduction to C++</CourseName>
	</Course>
	<Course CourseCode="CS228">
		<CourseName>Data Structures in C++</CourseName>
		<PreReq CourseCode="CS227"/>
	</Course>
	<Course CourseCode="CS309">
		<CourseName>Software Engineering</CourseName>
		<PreReq CourseCode="CS228"/>
	</Course>
	<Course CourseCode="CS311">
		<CourseName>Design and Analysis of Algorithms</CourseName>
		<PreReq CourseCode="CS228"/>
		<PreReq CourseCode="CS330"/>
	</Course>
	<Course CourseCode="CS321">
		<CourseName>Computer Architecture</CourseName>
		<PreReq CourseCode="CS311"/>
	</Course>
	<Course CourseCode="CS330">
		<CourseName>Discrete Mathematics</CourseName>
		<PreReq CourseCode="CS228"/>
	</Course>
	<Course CourseCode="CS331">
		<CourseName>Theory of Computation</CourseName>
		<PreReq CourseCode="CS228"/>
	</Course>
	<Course CourseCode="CS342">
		<CourseName>Programming languages</CourseName>
		<PreReq CourseCode="CS228"/>
	</Course>
	<Course CourseCode="CS352">
		<CourseName>Operating Systems</CourseName>
		<PreReq CourseCode="CS228"/>
	</Course>
	<Course CourseCode="CS363">
		<CourseName>Introduction to Database Systems</CourseName>
		<PreReq CourseCode="CS311"/>
	</Course>
	<Course CourseCode="CS461">
		<CourseName>Database Internals</CourseName>
		<PreReq CourseCode="CS311"/>
		<PreReq CourseCode="CS363"/>
	</Course>
	<Course CourseCode="CS511">
		<CourseName>Advanced Design and Analysis of Algorithms</CourseName>
		<PreReq CourseCode="CS311"/>
	</Course>
	<Offering OfferingID="Offering001">
		<CourseInfo CourseCode="CS227"/>
		<Section>1</Section>
		<Instructor FacultyID="f201586985"/>
	</Offering>
	<Offering OfferingID="Offering002">
		<CourseInfo CourseCode="CS228"/>
		<Section>1</Section>
		<Instructor FacultyID="f201586985"/>
	</Offering>
	<Offering OfferingID="Offering003">
		<CourseInfo CourseCode="CS309"/>
		<Section>1</Section>
		<Instructor FacultyID="f386167477"/>
	</Offering>
	<Offering OfferingID="Offering004">
		<CourseInfo CourseCode="CS311"/>
		<Section>1</Section>
		<Instructor FacultyID="f386167477"/>
	</Offering>
	<Offering OfferingID="Offering005">
		<CourseInfo CourseCode="CS311"/>
		<Section>2</Section>
		<Instructor FacultyID="f463249547"/>
	</Offering>
	<Offering OfferingID="Offering006">
		<CourseInfo CourseCode="CS321"/>
		<Section>1</Section>
		<Instructor FacultyID="f685744439"/>
	</Offering>
	<Offering OfferingID="Offering007">
		<CourseInfo CourseCode="CS330"/>
		<Section>1</Section>
		<Instructor FacultyID="f696335701"/>
	</Offering>
	<Offering OfferingID="Offering008">
		<CourseInfo CourseCode="CS331"/>
		<Section>2</Section>
		<Instructor FacultyID="f696335701"/>
	</Offering>
	<Offering OfferingID="Offering009">
		<CourseInfo CourseCode="CS342"/>
		<Section>1</Section>
		<Instructor FacultyID="f696335701"/>
	</Offering>
	<Offering OfferingID="Offering010">
		<CourseInfo CourseCode="CS342"/>
		<Section>2</Section>
		<Instructor FacultyID="f836826630"/>
	</Offering>
	<Offering OfferingID="Offering011">
		<CourseInfo CourseCode="CS352"/>
		<Section>1</Section>
		<Instructor FacultyID="f836826630"/>
	</Offering>
	<Offering OfferingID="Offering012">
		<CourseInfo CourseCode="CS352"/>
		<Section>2</Section>
		<Instructor FacultyID="f961874958"/>
	</Offering>
	<Offering OfferingID="Offering013">
		<CourseInfo CourseCode="CS363"/>
		<Section>2</Section>
		<Instructor FacultyID="f961874958"/>
	</Offering>
	<Offering OfferingID="Offering014">
		<CourseInfo CourseCode="CS461"/>
		<Section>2</Section>
		<Instructor FacultyID="f997111094"/>
	</Offering>
	<Offering OfferingID="Offering015">
		<CourseInfo CourseCode="CS511"/>
		<Section>2</Section>
		<Instructor FacultyID="f997111094"/>
	</Offering>
	<Enrollment EnrollmentID="Enrollment002">
		<OfferingInfo OfferingID="Offering001"/>
		<StudentInfo StudentID="s191083779"/>
		<Grade>A-</Grade>
	</Enrollment>
	<Enrollment EnrollmentID="Enrollment003">
		<OfferingInfo OfferingID="Offering001"/>
		<StudentInfo StudentID="s224620876"/>
		<Grade>C-</Grade>
	</Enrollment>
	<Enrollment EnrollmentID="Enrollment004">
		<OfferingInfo OfferingID="Offering001"/>
		<StudentInfo StudentID="s261812056"/>
		<Grade>C</Grade>
	</Enrollment>
	<Enrollment EnrollmentID="Enrollment005">
		<OfferingInfo OfferingID="Offering001"/>
		<StudentInfo StudentID="s271978135"/>
		<Grade>A</Grade>
	</Enrollment>
	<Enrollment EnrollmentID="Enrollment006">
		<OfferingInfo OfferingID="Offering001"/>
		<StudentInfo StudentID="s290986112"/>
		<Grade>C-</Grade>
	</Enrollment>
	<Enrollment EnrollmentID="Enrollment007">
		<OfferingInfo OfferingID="Offering001"/>
		<StudentInfo StudentID="s363200537"/>
		<Grade>B-</Grade>
	</Enrollment>
	<Enrollment EnrollmentID="Enrollment008">
		<OfferingInfo OfferingID="Offering001"/>
		<StudentInfo StudentID="s432180765"/>
		<Grade>B</Grade>
	</Enrollment>
	<Enrollment EnrollmentID="Enrollment009">
		<OfferingInfo OfferingID="Offering001"/>
		<StudentInfo StudentID="s495490053"/>
		<Grade>C+</Grade>
	</Enrollment>
	<Enrollment EnrollmentID="Enrollment010">
		<OfferingInfo OfferingID="Offering001"/>
		<StudentInfo StudentID="s587735656"/>
		<Grade>B-</Grade>
	</Enrollment>
	<Enrollment EnrollmentID="Enrollment011">
		<OfferingInfo OfferingID="Offering001"/>
		<StudentInfo StudentID="s590987789"/>
		<Grade>D</Grade>
	</Enrollment>
	<Enrollment EnrollmentID="Enrollment012">
		<OfferingInfo OfferingID="Offering001"/>
		<StudentInfo StudentID="s712952591"/>
		<Grade>C-</Grade>
	</Enrollment>
	<Enrollment EnrollmentID="Enrollment013">
		<OfferingInfo OfferingID="Offering001"/>
		<StudentInfo StudentID="s785103478"/>
		<Grade>A</Grade>
	</Enrollment>
	<Enrollment EnrollmentID="Enrollment014">
		<OfferingInfo OfferingID="Offering001"/>
		<StudentInfo StudentID="s785811329"/>
		<Grade>B</Grade>
	</Enrollment>
	<Enrollment EnrollmentID="Enrollment015">
		<OfferingInfo OfferingID="Offering001"/>
		<StudentInfo StudentID="s801166066"/>
		<Grade>A-</Grade>
	</Enrollment>
	<Enrollment EnrollmentID="Enrollment016">
		<OfferingInfo OfferingID="Offering001"/>
		<StudentInfo StudentID="s907425648"/>
		<Grade>C</Grade>
	</Enrollment>
	<Enrollment EnrollmentID="Enrollment017">
		<OfferingInfo OfferingID="Offering001"/>
		<StudentInfo StudentID="s916916939"/>
		<Grade>C-</Grade>
	</Enrollment>
	<Enrollment EnrollmentID="Enrollment018">
		<OfferingInfo OfferingID="Offering001"/>
		<StudentInfo StudentID="s163728111"/>
		<Grade>D+</Grade>
	</Enrollment>
	<Enrollment EnrollmentID="Enrollment019">
		<OfferingInfo OfferingID="Offering001"/>
		<StudentInfo StudentID="s164500920"/>
		<Grade>B</Grade>
	</Enrollment>
	<Enrollment EnrollmentID="Enrollment020">
		<OfferingInfo OfferingID="Offering001"/>
		<StudentInfo StudentID="s332012037"/>
		<Grade>B-</Grade>
	</Enrollment>
	<Enrollment EnrollmentID="Enrollment021">
		<OfferingInfo OfferingID="Offering001"/>
		<StudentInfo StudentID="s504013895"/>
		<Grade>B-</Grade>
	</Enrollment>
	<Enrollment EnrollmentID="Enrollment022">
		<OfferingInfo OfferingID="Offering001"/>
		<StudentInfo StudentID="s513110141"/>
		<Grade>D</Grade>
	</Enrollment>
	<Enrollment EnrollmentID="Enrollment023">
		<OfferingInfo OfferingID="Offering001"/>
		<StudentInfo StudentID="s513729696"/>
		<Grade>B</Grade>
	</Enrollment>
	<Enrollment EnrollmentID="Enrollment024">
		<OfferingInfo OfferingID="Offering001"/>
		<StudentInfo StudentID="s664353912"/>
		<Grade>A</Grade>
	</Enrollment>
	<Enrollment EnrollmentID="Enrollment025">
		<OfferingInfo OfferingID="Offering001"/>
		<StudentInfo StudentID="s743991555"/>
		<Grade>C+</Grade>
	</Enrollment>
	<Enrollment EnrollmentID="Enrollment026">
		<OfferingInfo OfferingID="Offering001"/>
		<StudentInfo StudentID="s774885901"/>
		<Grade>B</Grade>
	</Enrollment>
	<Enrollment EnrollmentID="Enrollment027">
		<OfferingInfo OfferingID="Offering001"/>
		<StudentInfo StudentID="s803024290"/>
		<Grade>A</Grade>
	</Enrollment>
	<Enrollment EnrollmentID="Enrollment028">
		<OfferingInfo OfferingID="Offering001"/>
		<StudentInfo StudentID="s867910658"/>
		<Grade>A</Grade>
	</Enrollment>
	<Enrollment EnrollmentID="Enrollment029">
		<OfferingInfo OfferingID="Offering002"/>
		<StudentInfo StudentID="s163728111"/>
		<Grade>C+</Grade>
	</Enrollment>
	<Enrollment EnrollmentID="Enrollment030">
		<OfferingInfo OfferingID="Offering002"/>
		<StudentInfo StudentID="s164776911"/>
		<Grade>C+</Grade>
	</Enrollment>
	<Enrollment EnrollmentID="Enrollment031">
		<OfferingInfo OfferingID="Offering002"/>
		<StudentInfo StudentID="s191083779"/>
		<Grade>B-</Grade>
	</Enrollment>
	<Enrollment EnrollmentID="Enrollment032">
		<OfferingInfo OfferingID="Offering002"/>
		<StudentInfo StudentID="s261812056"/>
		<Grade>B</Grade>
	</Enrollment>
	<Enrollment EnrollmentID="Enrollment033">
		<OfferingInfo OfferingID="Offering002"/>
		<StudentInfo StudentID="s296669559"/>
		<Grade>A-</Grade>
	</Enrollment>
	<Enrollment EnrollmentID="Enrollment034">
		<OfferingInfo OfferingID="Offering002"/>
		<StudentInfo StudentID="s315967897"/>
		<Grade>B-</Grade>
	</Enrollment>
	<Enrollment EnrollmentID="Enrollment035">
		<OfferingInfo OfferingID="Offering002"/>
		<StudentInfo StudentID="s365774792"/>
		<Grade>B-</Grade>
	</Enrollment>
	<Enrollment EnrollmentID="Enrollment036">
		<OfferingInfo OfferingID="Offering002"/>
		<StudentInfo StudentID="s387215322"/>
		<Grade>C</Grade>
	</Enrollment>
	<Enrollment EnrollmentID="Enrollment037">
		<OfferingInfo OfferingID="Offering002"/>
		<StudentInfo StudentID="s409508678"/>
		<Grade>A-</Grade>
	</Enrollment>
	<Enrollment EnrollmentID="Enrollment038">
		<OfferingInfo OfferingID="Offering002"/>
		<StudentInfo StudentID="s466094162"/>
		<Grade>A</Grade>
	</Enrollment>
	<Enrollment EnrollmentID="Enrollment039">
		<OfferingInfo OfferingID="Offering002"/>
		<StudentInfo StudentID="s485619193"/>
		<Grade>C</Grade>
	</Enrollment>
	<Enrollment EnrollmentID="Enrollment040">
		<OfferingInfo OfferingID="Offering002"/>
		<StudentInfo StudentID="s722131306"/>
		<Grade>D+</Grade>
	</Enrollment>
	<Enrollment EnrollmentID="Enrollment041">
		<OfferingInfo OfferingID="Offering002"/>
		<StudentInfo StudentID="s785811329"/>
		<Grade>B</Grade>
	</Enrollment>
	<Enrollment EnrollmentID="Enrollment042">
		<OfferingInfo OfferingID="Offering002"/>
		<StudentInfo StudentID="s876550324"/>
		<Grade>B-</Grade>
	</Enrollment>
	<Enrollment EnrollmentID="Enrollment043">
		<OfferingInfo OfferingID="Offering002"/>
		<StudentInfo StudentID="s905922853"/>
		<Grade>A-</Grade>
	</Enrollment>
	<Enrollment EnrollmentID="Enrollment044">
		<OfferingInfo OfferingID="Offering002"/>
		<StudentInfo StudentID="s907425648"/>
		<Grade>C+</Grade>
	</Enrollment>
	<Enrollment EnrollmentID="Enrollment045">
		<OfferingInfo OfferingID="Offering002"/>
		<StudentInfo StudentID="s973071948"/>
		<Grade>A-</Grade>
	</Enrollment>
	<Enrollment EnrollmentID="Enrollment046">
		<OfferingInfo OfferingID="Offering002"/>
		<StudentInfo StudentID="s980102825"/>
		<Grade>D+</Grade>
	</Enrollment>
	<Enrollment EnrollmentID="Enrollment047">
		<OfferingInfo OfferingID="Offering002"/>
		<StudentInfo StudentID="s164500920"/>
		<Grade>D</Grade>
	</Enrollment>
	<Enrollment EnrollmentID="Enrollment048">
		<OfferingInfo OfferingID="Offering002"/>
		<StudentInfo StudentID="s224620876"/>
		<Grade>C</Grade>
	</Enrollment>
	<Enrollment EnrollmentID="Enrollment049">
		<OfferingInfo OfferingID="Offering002"/>
		<StudentInfo StudentID="s232820149"/>
		<Grade>C-</Grade>
	</Enrollment>
	<Enrollment EnrollmentID="Enrollment050">
		<OfferingInfo OfferingID="Offering002"/>
		<StudentInfo StudentID="s419180204"/>
		<Grade>A</Grade>
	</Enrollment>
	<Enrollment EnrollmentID="Enrollment051">
		<OfferingInfo OfferingID="Offering002"/>
		<StudentInfo StudentID="s490649143"/>
		<Grade>B</Grade>
	</Enrollment>
	<Enrollment EnrollmentID="Enrollment052">
		<OfferingInfo OfferingID="Offering002"/>
		<StudentInfo StudentID="s513729696"/>
		<Grade>B</Grade>
	</Enrollment>
	<Enrollment EnrollmentID="Enrollment053">
		<OfferingInfo OfferingID="Offering002"/>
		<StudentInfo StudentID="s587735656"/>
		<Grade>C</Grade>
	</Enrollment>
	<Enrollment EnrollmentID="Enrollment054">
		<OfferingInfo OfferingID="Offering002"/>
		<StudentInfo StudentID="s787422802"/>
		<Grade>C+</Grade>
	</Enrollment>
	<Enrollment EnrollmentID="Enrollment055">
		<OfferingInfo OfferingID="Offering002"/>
		<StudentInfo StudentID="s831142613"/>
		<Grade>B</Grade>
	</Enrollment>
	<Enrollment EnrollmentID="Enrollment056">
		<OfferingInfo OfferingID="Offering002"/>
		<StudentInfo StudentID="s895255243"/>
		<Grade>A-</Grade>
	</Enrollment>
	<Enrollment EnrollmentID="Enrollment057">
		<OfferingInfo OfferingID="Offering002"/>
		<StudentInfo StudentID="s965882492"/>
		<Grade>C</Grade>
	</Enrollment>
	<Enrollment EnrollmentID="Enrollment058">
		<OfferingInfo OfferingID="Offering003"/>
		<StudentInfo StudentID="s131838016"/>
		<Grade>B</Grade>
	</Enrollment>
	<Enrollment EnrollmentID="Enrollment059">
		<OfferingInfo OfferingID="Offering003"/>
		<StudentInfo StudentID="s143293833"/>
		<Grade>B+</Grade>
	</Enrollment>
	<Enrollment EnrollmentID="Enrollment060">
		<OfferingInfo OfferingID="Offering003"/>
		<StudentInfo StudentID="s232820149"/>
		<Grade>C-</Grade>
	</Enrollment>
	<Enrollment EnrollmentID="Enrollment061">
		<OfferingInfo OfferingID="Offering003"/>
		<StudentInfo StudentID="s271978135"/>
		<Grade>D+</Grade>
	</Enrollment>
	<Enrollment EnrollmentID="Enrollment062">
		<OfferingInfo OfferingID="Offering003"/>
		<StudentInfo StudentID="s279702622"/>
		<Grade>A-</Grade>
	</Enrollment>
	<Enrollment EnrollmentID="Enrollment063">
		<OfferingInfo OfferingID="Offering003"/>
		<StudentInfo StudentID="s328718420"/>
		<Grade>B-</Grade>
	</Enrollment>
	<Enrollment EnrollmentID="Enrollment064">
		<OfferingInfo OfferingID="Offering003"/>
		<StudentInfo StudentID="s332012037"/>
		<Grade>C</Grade>
	</Enrollment>
	<Enrollment EnrollmentID="Enrollment065">
		<OfferingInfo OfferingID="Offering003"/>
		<StudentInfo StudentID="s483727101"/>
		<Grade>C</Grade>
	</Enrollment>
	<Enrollment EnrollmentID="Enrollment066">
		<OfferingInfo OfferingID="Offering003"/>
		<StudentInfo StudentID="s590987789"/>
		<Grade>A-</Grade>
	</Enrollment>
	<Enrollment EnrollmentID="Enrollment067">
		<OfferingInfo OfferingID="Offering003"/>
		<StudentInfo StudentID="s664353912"/>
		<Grade>B+</Grade>
	</Enrollment>
	<Enrollment EnrollmentID="Enrollment068">
		<OfferingInfo OfferingID="Offering003"/>
		<StudentInfo StudentID="s712952591"/>
		<Grade>D+</Grade>
	</Enrollment>
	<Enrollment EnrollmentID="Enrollment069">
		<OfferingInfo OfferingID="Offering003"/>
		<StudentInfo StudentID="s737972250"/>
		<Grade>A-</Grade>
	</Enrollment>
	<Enrollment EnrollmentID="Enrollment070">
		<OfferingInfo OfferingID="Offering003"/>
		<StudentInfo StudentID="s750913239"/>
		<Grade>A-</Grade>
	</Enrollment>
	<Enrollment EnrollmentID="Enrollment071">
		<OfferingInfo OfferingID="Offering003"/>
		<StudentInfo StudentID="s785273479"/>
		<Grade>D</Grade>
	</Enrollment>
	<Enrollment EnrollmentID="Enrollment072">
		<OfferingInfo OfferingID="Offering003"/>
		<StudentInfo StudentID="s831142613"/>
		<Grade>B-</Grade>
	</Enrollment>
	<Enrollment EnrollmentID="Enrollment073">
		<OfferingInfo OfferingID="Offering003"/>
		<StudentInfo StudentID="s895255243"/>
		<Grade>C-</Grade>
	</Enrollment>
	<Enrollment EnrollmentID="Enrollment074">
		<OfferingInfo OfferingID="Offering003"/>
		<StudentInfo StudentID="s905922853"/>
		<Grade>C+</Grade>
	</Enrollment>
	<Enrollment EnrollmentID="Enrollment075">
		<OfferingInfo OfferingID="Offering003"/>
		<StudentInfo StudentID="s185141262"/>
		<Grade>C</Grade>
	</Enrollment>
	<Enrollment EnrollmentID="Enrollment076">
		<OfferingInfo OfferingID="Offering003"/>
		<StudentInfo StudentID="s252533260"/>
		<Grade>D+</Grade>
	</Enrollment>
	<Enrollment EnrollmentID="Enrollment077">
		<OfferingInfo OfferingID="Offering003"/>
		<StudentInfo StudentID="s315967897"/>
		<Grade>A</Grade>
	</Enrollment>
	<Enrollment EnrollmentID="Enrollment078">
		<OfferingInfo OfferingID="Offering003"/>
		<StudentInfo StudentID="s466094162"/>
		<Grade>C</Grade>
	</Enrollment>
	<Enrollment EnrollmentID="Enrollment079">
		<OfferingInfo OfferingID="Offering003"/>
		<StudentInfo StudentID="s467545237"/>
		<Grade>B</Grade>
	</Enrollment>
	<Enrollment EnrollmentID="Enrollment080">
		<OfferingInfo OfferingID="Offering003"/>
		<StudentInfo StudentID="s477453864"/>
		<Grade>C</Grade>
	</Enrollment>
	<Enrollment EnrollmentID="Enrollment081">
		<OfferingInfo OfferingID="Offering003"/>
		<StudentInfo StudentID="s513110141"/>
		<Grade>B+</Grade>
	</Enrollment>
	<Enrollment EnrollmentID="Enrollment082">
		<OfferingInfo OfferingID="Offering003"/>
		<StudentInfo StudentID="s658579865"/>
		<Grade>C+</Grade>
	</Enrollment>
	<Enrollment EnrollmentID="Enrollment083">
		<OfferingInfo OfferingID="Offering003"/>
		<StudentInfo StudentID="s785103478"/>
		<Grade>C</Grade>
	</Enrollment>
	<Enrollment EnrollmentID="Enrollment084">
		<OfferingInfo OfferingID="Offering003"/>
		<StudentInfo StudentID="s793034333"/>
		<Grade>C</Grade>
	</Enrollment>
	<Enrollment EnrollmentID="Enrollment085">
		<OfferingInfo OfferingID="Offering003"/>
		<StudentInfo StudentID="s812073765"/>
		<Grade>B+</Grade>
	</Enrollment>
	<Enrollment EnrollmentID="Enrollment086">
		<OfferingInfo OfferingID="Offering003"/>
		<StudentInfo StudentID="s930231660"/>
		<Grade>C+</Grade>
	</Enrollment>
	<Enrollment EnrollmentID="Enrollment087">
		<OfferingInfo OfferingID="Offering004"/>
		<StudentInfo StudentID="s164776911"/>
		<Grade>D+</Grade>
	</Enrollment>
	<Enrollment EnrollmentID="Enrollment088">
		<OfferingInfo OfferingID="Offering004"/>
		<StudentInfo StudentID="s222105935"/>
		<Grade>D+</Grade>
	</Enrollment>
	<Enrollment EnrollmentID="Enrollment089">
		<OfferingInfo OfferingID="Offering004"/>
		<StudentInfo StudentID="s232820149"/>
		<Grade>D</Grade>
	</Enrollment>
	<Enrollment EnrollmentID="Enrollment090">
		<OfferingInfo OfferingID="Offering004"/>
		<StudentInfo StudentID="s271978135"/>
		<Grade>B-</Grade>
	</Enrollment>
	<Enrollment EnrollmentID="Enrollment091">
		<OfferingInfo OfferingID="Offering004"/>
		<StudentInfo StudentID="s273277984"/>
		<Grade>C</Grade>
	</Enrollment>
	<Enrollment EnrollmentID="Enrollment092">
		<OfferingInfo OfferingID="Offering004"/>
		<StudentInfo StudentID="s328718420"/>
		<Grade>B-</Grade>
	</Enrollment>
	<Enrollment EnrollmentID="Enrollment093">
		<OfferingInfo OfferingID="Offering004"/>
		<StudentInfo StudentID="s363200537"/>
		<Grade>A</Grade>
	</Enrollment>
	<Enrollment EnrollmentID="Enrollment094">
		<OfferingInfo OfferingID="Offering004"/>
		<StudentInfo StudentID="s387215322"/>
		<Grade>B</Grade>
	</Enrollment>
	<Enrollment EnrollmentID="Enrollment095">
		<OfferingInfo OfferingID="Offering004"/>
		<StudentInfo StudentID="s466094162"/>
		<Grade>B-</Grade>
	</Enrollment>
	<Enrollment EnrollmentID="Enrollment096">
		<OfferingInfo OfferingID="Offering004"/>
		<StudentInfo StudentID="s483223789"/>
		<Grade>A</Grade>
	</Enrollment>
	<Enrollment EnrollmentID="Enrollment097">
		<OfferingInfo OfferingID="Offering004"/>
		<StudentInfo StudentID="s587735656"/>
		<Grade>A</Grade>
	</Enrollment>
	<Enrollment EnrollmentID="Enrollment098">
		<OfferingInfo OfferingID="Offering004"/>
		<StudentInfo StudentID="s696302689"/>
		<Grade>D+</Grade>
	</Enrollment>
	<Enrollment EnrollmentID="Enrollment099">
		<OfferingInfo OfferingID="Offering004"/>
		<StudentInfo StudentID="s722131306"/>
		<Grade>C+</Grade>
	</Enrollment>
	<Enrollment EnrollmentID="Enrollment100">
		<OfferingInfo OfferingID="Offering004"/>
		<StudentInfo StudentID="s812073765"/>
		<Grade>B-</Grade>
	</Enrollment>
	<Enrollment EnrollmentID="Enrollment101">
		<OfferingInfo OfferingID="Offering004"/>
		<StudentInfo StudentID="s867910658"/>
		<Grade>B+</Grade>
	</Enrollment>
	<Enrollment EnrollmentID="Enrollment102">
		<OfferingInfo OfferingID="Offering004"/>
		<StudentInfo StudentID="s909334701"/>
		<Grade>C+</Grade>
	</Enrollment>
	<Enrollment EnrollmentID="Enrollment103">
		<OfferingInfo OfferingID="Offering004"/>
		<StudentInfo StudentID="s930231660"/>
		<Grade>A-</Grade>
	</Enrollment>
	<Enrollment EnrollmentID="Enrollment104">
		<OfferingInfo OfferingID="Offering004"/>
		<StudentInfo StudentID="s973071948"/>
		<Grade>C</Grade>
	</Enrollment>
	<Enrollment EnrollmentID="Enrollment105">
		<OfferingInfo OfferingID="Offering005"/>
		<StudentInfo StudentID="s131838016"/>
		<Grade>A-</Grade>
	</Enrollment>
	<Enrollment EnrollmentID="Enrollment106">
		<OfferingInfo OfferingID="Offering005"/>
		<StudentInfo StudentID="s185141262"/>
		<Grade>C+</Grade>
	</Enrollment>
	<Enrollment EnrollmentID="Enrollment107">
		<OfferingInfo OfferingID="Offering005"/>
		<StudentInfo StudentID="s203745018"/>
		<Grade>B-</Grade>
	</Enrollment>
	<Enrollment EnrollmentID="Enrollment108">
		<OfferingInfo OfferingID="Offering005"/>
		<StudentInfo StudentID="s224620876"/>
		<Grade>C-</Grade>
	</Enrollment>
	<Enrollment EnrollmentID="Enrollment109">
		<OfferingInfo OfferingID="Offering005"/>
		<StudentInfo StudentID="s290986112"/>
		<Grade>B</Grade>
	</Enrollment>
	<Enrollment EnrollmentID="Enrollment110">
		<OfferingInfo OfferingID="Offering005"/>
		<StudentInfo StudentID="s296669559"/>
		<Grade>C-</Grade>
	</Enrollment>
	<Enrollment EnrollmentID="Enrollment111">
		<OfferingInfo OfferingID="Offering005"/>
		<StudentInfo StudentID="s308635036"/>
		<Grade>D</Grade>
	</Enrollment>
	<Enrollment EnrollmentID="Enrollment112">
		<OfferingInfo OfferingID="Offering005"/>
		<StudentInfo StudentID="s490649143"/>
		<Grade>B</Grade>
	</Enrollment>
	<Enrollment EnrollmentID="Enrollment113">
		<OfferingInfo OfferingID="Offering005"/>
		<StudentInfo StudentID="s743991555"/>
		<Grade>A</Grade>
	</Enrollment>
	<Enrollment EnrollmentID="Enrollment114">
		<OfferingInfo OfferingID="Offering005"/>
		<StudentInfo StudentID="s793034333"/>
		<Grade>B-</Grade>
	</Enrollment>
	<Enrollment EnrollmentID="Enrollment115">
		<OfferingInfo OfferingID="Offering005"/>
		<StudentInfo StudentID="s801166066"/>
		<Grade>D+</Grade>
	</Enrollment>
	<Enrollment EnrollmentID="Enrollment116">
		<OfferingInfo OfferingID="Offering005"/>
		<StudentInfo StudentID="s862952924"/>
		<Grade>C</Grade>
	</Enrollment>
	<Enrollment EnrollmentID="Enrollment117">
		<OfferingInfo OfferingID="Offering005"/>
		<StudentInfo StudentID="s980102825"/>
		<Grade>D</Grade>
	</Enrollment>
	<Enrollment EnrollmentID="Enrollment118">
		<OfferingInfo OfferingID="Offering006"/>
		<StudentInfo StudentID="s118784412"/>
		<Grade>C+</Grade>
	</Enrollment>
	<Enrollment EnrollmentID="Enrollment119">
		<OfferingInfo OfferingID="Offering006"/>
		<StudentInfo StudentID="s124208644"/>
		<Grade>C+</Grade>
	</Enrollment>
	<Enrollment EnrollmentID="Enrollment120">
		<OfferingInfo OfferingID="Offering006"/>
		<StudentInfo StudentID="s131838016"/>
		<Grade>D</Grade>
	</Enrollment>
	<Enrollment EnrollmentID="Enrollment121">
		<OfferingInfo OfferingID="Offering006"/>
		<StudentInfo StudentID="s191083779"/>
		<Grade>B</Grade>
	</Enrollment>
	<Enrollment EnrollmentID="Enrollment122">
		<OfferingInfo OfferingID="Offering006"/>
		<StudentInfo StudentID="s222105935"/>
		<Grade>B+</Grade>
	</Enrollment>
	<Enrollment EnrollmentID="Enrollment123">
		<OfferingInfo OfferingID="Offering006"/>
		<StudentInfo StudentID="s273277984"/>
		<Grade>B+</Grade>
	</Enrollment>
	<Enrollment EnrollmentID="Enrollment124">
		<OfferingInfo OfferingID="Offering006"/>
		<StudentInfo StudentID="s285719425"/>
		<Grade>B-</Grade>
	</Enrollment>
	<Enrollment EnrollmentID="Enrollment125">
		<OfferingInfo OfferingID="Offering006"/>
		<StudentInfo StudentID="s308635036"/>
		<Grade>B-</Grade>
	</Enrollment>
	<Enrollment EnrollmentID="Enrollment126">
		<OfferingInfo OfferingID="Offering006"/>
		<StudentInfo StudentID="s328718420"/>
		<Grade>C</Grade>
	</Enrollment>
	<Enrollment EnrollmentID="Enrollment127">
		<OfferingInfo OfferingID="Offering006"/>
		<StudentInfo StudentID="s363200537"/>
		<Grade>A</Grade>
	</Enrollment>
	<Enrollment EnrollmentID="Enrollment128">
		<OfferingInfo OfferingID="Offering006"/>
		<StudentInfo StudentID="s387215322"/>
		<Grade>D+</Grade>
	</Enrollment>
	<Enrollment EnrollmentID="Enrollment129">
		<OfferingInfo OfferingID="Offering006"/>
		<StudentInfo StudentID="s466094162"/>
		<Grade>C</Grade>
	</Enrollment>
	<Enrollment EnrollmentID="Enrollment130">
		<OfferingInfo OfferingID="Offering006"/>
		<StudentInfo StudentID="s513729696"/>
		<Grade>A</Grade>
	</Enrollment>
	<Enrollment EnrollmentID="Enrollment131">
		<OfferingInfo OfferingID="Offering006"/>
		<StudentInfo StudentID="s658579865"/>
		<Grade>D</Grade>
	</Enrollment>
	<Enrollment EnrollmentID="Enrollment132">
		<OfferingInfo OfferingID="Offering006"/>
		<StudentInfo StudentID="s696302689"/>
		<Grade>D</Grade>
	</Enrollment>
	<Enrollment EnrollmentID="Enrollment133">
		<OfferingInfo OfferingID="Offering006"/>
		<StudentInfo StudentID="s787422802"/>
		<Grade>D</Grade>
	</Enrollment>
	<Enrollment EnrollmentID="Enrollment134">
		<OfferingInfo OfferingID="Offering006"/>
		<StudentInfo StudentID="s803024290"/>
		<Grade>D</Grade>
	</Enrollment>
	<Enrollment EnrollmentID="Enrollment135">
		<OfferingInfo OfferingID="Offering006"/>
		<StudentInfo StudentID="s845037919"/>
		<Grade>A-</Grade>
	</Enrollment>
	<Enrollment EnrollmentID="Enrollment136">
		<OfferingInfo OfferingID="Offering006"/>
		<StudentInfo StudentID="s885469446"/>
		<Grade>A-</Grade>
	</Enrollment>
	<Enrollment EnrollmentID="Enrollment137">
		<OfferingInfo OfferingID="Offering006"/>
		<StudentInfo StudentID="s916916939"/>
		<Grade>B</Grade>
	</Enrollment>
	<Enrollment EnrollmentID="Enrollment138">
		<OfferingInfo OfferingID="Offering006"/>
		<StudentInfo StudentID="s952145559"/>
		<Grade>A</Grade>
	</Enrollment>
	<Enrollment EnrollmentID="Enrollment139">
		<OfferingInfo OfferingID="Offering006"/>
		<StudentInfo StudentID="s164776911"/>
		<Grade>B</Grade>
	</Enrollment>
	<Enrollment EnrollmentID="Enrollment140">
		<OfferingInfo OfferingID="Offering006"/>
		<StudentInfo StudentID="s185141262"/>
		<Grade>B</Grade>
	</Enrollment>
	<Enrollment EnrollmentID="Enrollment141">
		<OfferingInfo OfferingID="Offering006"/>
		<StudentInfo StudentID="s252533260"/>
		<Grade>B</Grade>
	</Enrollment>
	<Enrollment EnrollmentID="Enrollment142">
		<OfferingInfo OfferingID="Offering006"/>
		<StudentInfo StudentID="s391910519"/>
		<Grade>D+</Grade>
	</Enrollment>
	<Enrollment EnrollmentID="Enrollment143">
		<OfferingInfo OfferingID="Offering006"/>
		<StudentInfo StudentID="s409508678"/>
		<Grade>A</Grade>
	</Enrollment>
	<Enrollment EnrollmentID="Enrollment144">
		<OfferingInfo OfferingID="Offering006"/>
		<StudentInfo StudentID="s432180765"/>
		<Grade>B+</Grade>
	</Enrollment>
	<Enrollment EnrollmentID="Enrollment145">
		<OfferingInfo OfferingID="Offering006"/>
		<StudentInfo StudentID="s793034333"/>
		<Grade>D</Grade>
	</Enrollment>
	<Enrollment EnrollmentID="Enrollment146">
		<OfferingInfo OfferingID="Offering006"/>
		<StudentInfo StudentID="s812073765"/>
		<Grade>D+</Grade>
	</Enrollment>
	<Enrollment EnrollmentID="Enrollment147">
		<OfferingInfo OfferingID="Offering006"/>
		<StudentInfo StudentID="s867910658"/>
		<Grade>A</Grade>
	</Enrollment>
	<Enrollment EnrollmentID="Enrollment148">
		<OfferingInfo OfferingID="Offering006"/>
		<StudentInfo StudentID="s930231660"/>
		<Grade>B</Grade>
	</Enrollment>
	<Enrollment EnrollmentID="Enrollment149">
		<OfferingInfo OfferingID="Offering006"/>
		<StudentInfo StudentID="s973071948"/>
		<Grade>D</Grade>
	</Enrollment>
	<Enrollment EnrollmentID="Enrollment150">
		<OfferingInfo OfferingID="Offering007"/>
		<StudentInfo StudentID="s143293833"/>
		<Grade>D</Grade>
	</Enrollment>
	<Enrollment EnrollmentID="Enrollment151">
		<OfferingInfo OfferingID="Offering007"/>
		<StudentInfo StudentID="s222105935"/>
		<Grade>C</Grade>
	</Enrollment>
	<Enrollment EnrollmentID="Enrollment152">
		<OfferingInfo OfferingID="Offering007"/>
		<StudentInfo StudentID="s224620876"/>
		<Grade>C-</Grade>
	</Enrollment>
	<Enrollment EnrollmentID="Enrollment153">
		<OfferingInfo OfferingID="Offering007"/>
		<StudentInfo StudentID="s262891588"/>
		<Grade>B+</Grade>
	</Enrollment>
	<Enrollment EnrollmentID="Enrollment154">
		<OfferingInfo OfferingID="Offering007"/>
		<StudentInfo StudentID="s271978135"/>
		<Grade>C</Grade>
	</Enrollment>
	<Enrollment EnrollmentID="Enrollment155">
		<OfferingInfo OfferingID="Offering007"/>
		<StudentInfo StudentID="s328718420"/>
		<Grade>C+</Grade>
	</Enrollment>
	<Enrollment EnrollmentID="Enrollment156">
		<OfferingInfo OfferingID="Offering007"/>
		<StudentInfo StudentID="s382109560"/>
		<Grade>D</Grade>
	</Enrollment>
	<Enrollment EnrollmentID="Enrollment157">
		<OfferingInfo OfferingID="Offering007"/>
		<StudentInfo StudentID="s387215322"/>
		<Grade>A-</Grade>
	</Enrollment>
	<Enrollment EnrollmentID="Enrollment158">
		<OfferingInfo OfferingID="Offering007"/>
		<StudentInfo StudentID="s391910519"/>
		<Grade>C+</Grade>
	</Enrollment>
	<Enrollment EnrollmentID="Enrollment159">
		<OfferingInfo OfferingID="Offering007"/>
		<StudentInfo StudentID="s406746417"/>
		<Grade>D</Grade>
	</Enrollment>
	<Enrollment EnrollmentID="Enrollment160">
		<OfferingInfo OfferingID="Offering007"/>
		<StudentInfo StudentID="s490649143"/>
		<Grade>A</Grade>
	</Enrollment>
	<Enrollment EnrollmentID="Enrollment161">
		<OfferingInfo OfferingID="Offering007"/>
		<StudentInfo StudentID="s601496044"/>
		<Grade>B+</Grade>
	</Enrollment>
	<Enrollment EnrollmentID="Enrollment162">
		<OfferingInfo OfferingID="Offering007"/>
		<StudentInfo StudentID="s712524758"/>
		<Grade>C</Grade>
	</Enrollment>
	<Enrollment EnrollmentID="Enrollment163">
		<OfferingInfo OfferingID="Offering007"/>
		<StudentInfo StudentID="s787422802"/>
		<Grade>B</Grade>
	</Enrollment>
	<Enrollment EnrollmentID="Enrollment164">
		<OfferingInfo OfferingID="Offering007"/>
		<StudentInfo StudentID="s850631208"/>
		<Grade>C</Grade>
	</Enrollment>
	<Enrollment EnrollmentID="Enrollment165">
		<OfferingInfo OfferingID="Offering007"/>
		<StudentInfo StudentID="s885469446"/>
		<Grade>A-</Grade>
	</Enrollment>
	<Enrollment EnrollmentID="Enrollment166">
		<OfferingInfo OfferingID="Offering007"/>
		<StudentInfo StudentID="s901511548"/>
		<Grade>A-</Grade>
	</Enrollment>
	<Enrollment EnrollmentID="Enrollment167">
		<OfferingInfo OfferingID="Offering007"/>
		<StudentInfo StudentID="s905922853"/>
		<Grade>A</Grade>
	</Enrollment>
	<Enrollment EnrollmentID="Enrollment168">
		<OfferingInfo OfferingID="Offering007"/>
		<StudentInfo StudentID="s965882492"/>
		<Grade>A</Grade>
	</Enrollment>
	<Enrollment EnrollmentID="Enrollment169">
		<OfferingInfo OfferingID="Offering007"/>
		<StudentInfo StudentID="s973071948"/>
		<Grade>A</Grade>
	</Enrollment>
	<Enrollment EnrollmentID="Enrollment170">
		<OfferingInfo OfferingID="Offering007"/>
		<StudentInfo StudentID="s170815037"/>
		<Grade>D</Grade>
	</Enrollment>
	<Enrollment EnrollmentID="Enrollment171">
		<OfferingInfo OfferingID="Offering007"/>
		<StudentInfo StudentID="s203745018"/>
		<Grade>A-</Grade>
	</Enrollment>
	<Enrollment EnrollmentID="Enrollment172">
		<OfferingInfo OfferingID="Offering007"/>
		<StudentInfo StudentID="s260369148"/>
		<Grade>D+</Grade>
	</Enrollment>
	<Enrollment EnrollmentID="Enrollment173">
		<OfferingInfo OfferingID="Offering007"/>
		<StudentInfo StudentID="s261812056"/>
		<Grade>A</Grade>
	</Enrollment>
	<Enrollment EnrollmentID="Enrollment174">
		<OfferingInfo OfferingID="Offering007"/>
		<StudentInfo StudentID="s279702622"/>
		<Grade>A</Grade>
	</Enrollment>
	<Enrollment EnrollmentID="Enrollment175">
		<OfferingInfo OfferingID="Offering007"/>
		<StudentInfo StudentID="s363200537"/>
		<Grade>D+</Grade>
	</Enrollment>
	<Enrollment EnrollmentID="Enrollment176">
		<OfferingInfo OfferingID="Offering007"/>
		<StudentInfo StudentID="s419180204"/>
		<Grade>D</Grade>
	</Enrollment>
	<Enrollment EnrollmentID="Enrollment177">
		<OfferingInfo OfferingID="Offering007"/>
		<StudentInfo StudentID="s500094214"/>
		<Grade>C+</Grade>
	</Enrollment>
	<Enrollment EnrollmentID="Enrollment178">
		<OfferingInfo OfferingID="Offering007"/>
		<StudentInfo StudentID="s504013895"/>
		<Grade>C+</Grade>
	</Enrollment>
	<Enrollment EnrollmentID="Enrollment179">
		<OfferingInfo OfferingID="Offering007"/>
		<StudentInfo StudentID="s513729696"/>
		<Grade>C+</Grade>
	</Enrollment>
	<Enrollment EnrollmentID="Enrollment180">
		<OfferingInfo OfferingID="Offering007"/>
		<StudentInfo StudentID="s743991555"/>
		<Grade>B-</Grade>
	</Enrollment>
	<Enrollment EnrollmentID="Enrollment181">
		<OfferingInfo OfferingID="Offering007"/>
		<StudentInfo StudentID="s909334701"/>
		<Grade>A</Grade>
	</Enrollment>
	<Enrollment EnrollmentID="Enrollment182">
		<OfferingInfo OfferingID="Offering007"/>
		<StudentInfo StudentID="s930231660"/>
		<Grade>C</Grade>
	</Enrollment>
	<Enrollment EnrollmentID="Enrollment183">
		<OfferingInfo OfferingID="Offering008"/>
		<StudentInfo StudentID="s170815037"/>
		<Grade>D</Grade>
	</Enrollment>
	<Enrollment EnrollmentID="Enrollment184">
		<OfferingInfo OfferingID="Offering008"/>
		<StudentInfo StudentID="s224620876"/>
		<Grade>A</Grade>
	</Enrollment>
	<Enrollment EnrollmentID="Enrollment185">
		<OfferingInfo OfferingID="Offering008"/>
		<StudentInfo StudentID="s232820149"/>
		<Grade>D+</Grade>
	</Enrollment>
	<Enrollment EnrollmentID="Enrollment186">
		<OfferingInfo OfferingID="Offering008"/>
		<StudentInfo StudentID="s315967897"/>
		<Grade>C+</Grade>
	</Enrollment>
	<Enrollment EnrollmentID="Enrollment187">
		<OfferingInfo OfferingID="Offering008"/>
		<StudentInfo StudentID="s467545237"/>
		<Grade>D</Grade>
	</Enrollment>
	<Enrollment EnrollmentID="Enrollment188">
		<OfferingInfo OfferingID="Offering008"/>
		<StudentInfo StudentID="s483223789"/>
		<Grade>C-</Grade>
	</Enrollment>
	<Enrollment EnrollmentID="Enrollment189">
		<OfferingInfo OfferingID="Offering008"/>
		<StudentInfo StudentID="s483727101"/>
		<Grade>A-</Grade>
	</Enrollment>
	<Enrollment EnrollmentID="Enrollment190">
		<OfferingInfo OfferingID="Offering008"/>
		<StudentInfo StudentID="s696302689"/>
		<Grade>B</Grade>
	</Enrollment>
	<Enrollment EnrollmentID="Enrollment191">
		<OfferingInfo OfferingID="Offering008"/>
		<StudentInfo StudentID="s801166066"/>
		<Grade>C</Grade>
	</Enrollment>
	<Enrollment EnrollmentID="Enrollment192">
		<OfferingInfo OfferingID="Offering008"/>
		<StudentInfo StudentID="s956234659"/>
		<Grade>B-</Grade>
	</Enrollment>
	<Enrollment EnrollmentID="Enrollment193">
		<OfferingInfo OfferingID="Offering008"/>
		<StudentInfo StudentID="s271978135"/>
		<Grade>D</Grade>
	</Enrollment>
	<Enrollment EnrollmentID="Enrollment194">
		<OfferingInfo OfferingID="Offering008"/>
		<StudentInfo StudentID="s332012037"/>
		<Grade>B-</Grade>
	</Enrollment>
	<Enrollment EnrollmentID="Enrollment195">
		<OfferingInfo OfferingID="Offering008"/>
		<StudentInfo StudentID="s363200537"/>
		<Grade>B-</Grade>
	</Enrollment>
	<Enrollment EnrollmentID="Enrollment196">
		<OfferingInfo OfferingID="Offering008"/>
		<StudentInfo StudentID="s495490053"/>
		<Grade>B-</Grade>
	</Enrollment>
	<Enrollment EnrollmentID="Enrollment197">
		<OfferingInfo OfferingID="Offering008"/>
		<StudentInfo StudentID="s550658107"/>
		<Grade>D+</Grade>
	</Enrollment>
	<Enrollment EnrollmentID="Enrollment198">
		<OfferingInfo OfferingID="Offering008"/>
		<StudentInfo StudentID="s664353912"/>
		<Grade>A</Grade>
	</Enrollment>
	<Enrollment EnrollmentID="Enrollment199">
		<OfferingInfo OfferingID="Offering008"/>
		<StudentInfo StudentID="s909334701"/>
		<Grade>C</Grade>
	</Enrollment>
	<Enrollment EnrollmentID="Enrollment200">
		<OfferingInfo OfferingID="Offering009"/>
		<StudentInfo StudentID="s118784412"/>
		<Grade>A</Grade>
	</Enrollment>
	<Enrollment EnrollmentID="Enrollment201">
		<OfferingInfo OfferingID="Offering009"/>
		<StudentInfo StudentID="s163728111"/>
		<Grade>B+</Grade>
	</Enrollment>
	<Enrollment EnrollmentID="Enrollment202">
		<OfferingInfo OfferingID="Offering009"/>
		<StudentInfo StudentID="s203745018"/>
		<Grade>B</Grade>
	</Enrollment>
	<Enrollment EnrollmentID="Enrollment203">
		<OfferingInfo OfferingID="Offering009"/>
		<StudentInfo StudentID="s222105935"/>
		<Grade>B</Grade>
	</Enrollment>
	<Enrollment EnrollmentID="Enrollment204">
		<OfferingInfo OfferingID="Offering009"/>
		<StudentInfo StudentID="s252533260"/>
		<Grade>B-</Grade>
	</Enrollment>
	<Enrollment EnrollmentID="Enrollment205">
		<OfferingInfo OfferingID="Offering009"/>
		<StudentInfo StudentID="s290986112"/>
		<Grade>B</Grade>
	</Enrollment>
	<Enrollment EnrollmentID="Enrollment206">
		<OfferingInfo OfferingID="Offering009"/>
		<StudentInfo StudentID="s328718420"/>
		<Grade>B+</Grade>
	</Enrollment>
	<Enrollment EnrollmentID="Enrollment207">
		<OfferingInfo OfferingID="Offering009"/>
		<StudentInfo StudentID="s332012037"/>
		<Grade>C</Grade>
	</Enrollment>
	<Enrollment EnrollmentID="Enrollment208">
		<OfferingInfo OfferingID="Offering009"/>
		<StudentInfo StudentID="s382109560"/>
		<Grade>A</Grade>
	</Enrollment>
	<Enrollment EnrollmentID="Enrollment209">
		<OfferingInfo OfferingID="Offering009"/>
		<StudentInfo StudentID="s391910519"/>
		<Grade>B-</Grade>
	</Enrollment>
	<Enrollment EnrollmentID="Enrollment210">
		<OfferingInfo OfferingID="Offering009"/>
		<StudentInfo StudentID="s490649143"/>
		<Grade>B+</Grade>
	</Enrollment>
	<Enrollment EnrollmentID="Enrollment211">
		<OfferingInfo OfferingID="Offering009"/>
		<StudentInfo StudentID="s500094214"/>
		<Grade>C+</Grade>
	</Enrollment>
	<Enrollment EnrollmentID="Enrollment212">
		<OfferingInfo OfferingID="Offering009"/>
		<StudentInfo StudentID="s501674545"/>
		<Grade>B+</Grade>
	</Enrollment>
	<Enrollment EnrollmentID="Enrollment213">
		<OfferingInfo OfferingID="Offering009"/>
		<StudentInfo StudentID="s587735656"/>
		<Grade>D+</Grade>
	</Enrollment>
	<Enrollment EnrollmentID="Enrollment214">
		<OfferingInfo OfferingID="Offering009"/>
		<StudentInfo StudentID="s644488789"/>
		<Grade>A-</Grade>
	</Enrollment>
	<Enrollment EnrollmentID="Enrollment215">
		<OfferingInfo OfferingID="Offering009"/>
		<StudentInfo StudentID="s785811329"/>
		<Grade>B</Grade>
	</Enrollment>
	<Enrollment EnrollmentID="Enrollment216">
		<OfferingInfo OfferingID="Offering009"/>
		<StudentInfo StudentID="s867910658"/>
		<Grade>B</Grade>
	</Enrollment>
	<Enrollment EnrollmentID="Enrollment217">
		<OfferingInfo OfferingID="Offering009"/>
		<StudentInfo StudentID="s895255243"/>
		<Grade>B</Grade>
	</Enrollment>
	<Enrollment EnrollmentID="Enrollment218">
		<OfferingInfo OfferingID="Offering009"/>
		<StudentInfo StudentID="s905922853"/>
		<Grade>B</Grade>
	</Enrollment>
	<Enrollment EnrollmentID="Enrollment219">
		<OfferingInfo OfferingID="Offering009"/>
		<StudentInfo StudentID="s907425648"/>
		<Grade>C</Grade>
	</Enrollment>
	<Enrollment EnrollmentID="Enrollment220">
		<OfferingInfo OfferingID="Offering009"/>
		<StudentInfo StudentID="s909334701"/>
		<Grade>C-</Grade>
	</Enrollment>
	<Enrollment EnrollmentID="Enrollment221">
		<OfferingInfo OfferingID="Offering009"/>
		<StudentInfo StudentID="s980102825"/>
		<Grade>C</Grade>
	</Enrollment>
	<Enrollment EnrollmentID="Enrollment222">
		<OfferingInfo OfferingID="Offering010"/>
		<StudentInfo StudentID="s143293833"/>
		<Grade>C-</Grade>
	</Enrollment>
	<Enrollment EnrollmentID="Enrollment223">
		<OfferingInfo OfferingID="Offering010"/>
		<StudentInfo StudentID="s191083779"/>
		<Grade>A-</Grade>
	</Enrollment>
	<Enrollment EnrollmentID="Enrollment224">
		<OfferingInfo OfferingID="Offering010"/>
		<StudentInfo StudentID="s261812056"/>
		<Grade>C-</Grade>
	</Enrollment>
	<Enrollment EnrollmentID="Enrollment225">
		<OfferingInfo OfferingID="Offering010"/>
		<StudentInfo StudentID="s262891588"/>
		<Grade>C+</Grade>
	</Enrollment>
	<Enrollment EnrollmentID="Enrollment226">
		<OfferingInfo OfferingID="Offering010"/>
		<StudentInfo StudentID="s279702622"/>
		<Grade>A-</Grade>
	</Enrollment>
	<Enrollment EnrollmentID="Enrollment227">
		<OfferingInfo OfferingID="Offering010"/>
		<StudentInfo StudentID="s302335678"/>
		<Grade>C</Grade>
	</Enrollment>
	<Enrollment EnrollmentID="Enrollment228">
		<OfferingInfo OfferingID="Offering010"/>
		<StudentInfo StudentID="s406746417"/>
		<Grade>B</Grade>
	</Enrollment>
	<Enrollment EnrollmentID="Enrollment229">
		<OfferingInfo OfferingID="Offering010"/>
		<StudentInfo StudentID="s432180765"/>
		<Grade>C</Grade>
	</Enrollment>
	<Enrollment EnrollmentID="Enrollment230">
		<OfferingInfo OfferingID="Offering010"/>
		<StudentInfo StudentID="s449976666"/>
		<Grade>B+</Grade>
	</Enrollment>
	<Enrollment EnrollmentID="Enrollment231">
		<OfferingInfo OfferingID="Offering010"/>
		<StudentInfo StudentID="s467545237"/>
		<Grade>C+</Grade>
	</Enrollment>
	<Enrollment EnrollmentID="Enrollment232">
		<OfferingInfo OfferingID="Offering010"/>
		<StudentInfo StudentID="s495490053"/>
		<Grade>C+</Grade>
	</Enrollment>
	<Enrollment EnrollmentID="Enrollment233">
		<OfferingInfo OfferingID="Offering010"/>
		<StudentInfo StudentID="s590987789"/>
		<Grade>D</Grade>
	</Enrollment>
	<Enrollment EnrollmentID="Enrollment234">
		<OfferingInfo OfferingID="Offering010"/>
		<StudentInfo StudentID="s812073765"/>
		<Grade>A</Grade>
	</Enrollment>
	<Enrollment EnrollmentID="Enrollment235">
		<OfferingInfo OfferingID="Offering010"/>
		<StudentInfo StudentID="s845037919"/>
		<Grade>A</Grade>
	</Enrollment>
	<Enrollment EnrollmentID="Enrollment236">
		<OfferingInfo OfferingID="Offering010"/>
		<StudentInfo StudentID="s973071948"/>
		<Grade>B</Grade>
	</Enrollment>
	<Enrollment EnrollmentID="Enrollment237">
		<OfferingInfo OfferingID="Offering011"/>
		<StudentInfo StudentID="s164500920"/>
		<Grade>C</Grade>
	</Enrollment>
	<Enrollment EnrollmentID="Enrollment238">
		<OfferingInfo OfferingID="Offering011"/>
		<StudentInfo StudentID="s170815037"/>
		<Grade>A</Grade>
	</Enrollment>
	<Enrollment EnrollmentID="Enrollment239">
		<OfferingInfo OfferingID="Offering011"/>
		<StudentInfo StudentID="s203745018"/>
		<Grade>A</Grade>
	</Enrollment>
	<Enrollment EnrollmentID="Enrollment240">
		<OfferingInfo OfferingID="Offering011"/>
		<StudentInfo StudentID="s212976207"/>
		<Grade>B</Grade>
	</Enrollment>
	<Enrollment EnrollmentID="Enrollment241">
		<OfferingInfo OfferingID="Offering011"/>
		<StudentInfo StudentID="s224620876"/>
		<Grade>A</Grade>
	</Enrollment>
	<Enrollment EnrollmentID="Enrollment242">
		<OfferingInfo OfferingID="Offering011"/>
		<StudentInfo StudentID="s261812056"/>
		<Grade>C</Grade>
	</Enrollment>
	<Enrollment EnrollmentID="Enrollment243">
		<OfferingInfo OfferingID="Offering011"/>
		<StudentInfo StudentID="s328718420"/>
		<Grade>A</Grade>
	</Enrollment>
	<Enrollment EnrollmentID="Enrollment244">
		<OfferingInfo OfferingID="Offering011"/>
		<StudentInfo StudentID="s332012037"/>
		<Grade>C-</Grade>
	</Enrollment>
	<Enrollment EnrollmentID="Enrollment245">
		<OfferingInfo OfferingID="Offering011"/>
		<StudentInfo StudentID="s391910519"/>
		<Grade>B</Grade>
	</Enrollment>
	<Enrollment EnrollmentID="Enrollment246">
		<OfferingInfo OfferingID="Offering011"/>
		<StudentInfo StudentID="s406746417"/>
		<Grade>B+</Grade>
	</Enrollment>
	<Enrollment EnrollmentID="Enrollment247">
		<OfferingInfo OfferingID="Offering011"/>
		<StudentInfo StudentID="s495490053"/>
		<Grade>B-</Grade>
	</Enrollment>
	<Enrollment EnrollmentID="Enrollment248">
		<OfferingInfo OfferingID="Offering011"/>
		<StudentInfo StudentID="s664353912"/>
		<Grade>A</Grade>
	</Enrollment>
	<Enrollment EnrollmentID="Enrollment249">
		<OfferingInfo OfferingID="Offering011"/>
		<StudentInfo StudentID="s722131306"/>
		<Grade>A-</Grade>
	</Enrollment>
	<Enrollment EnrollmentID="Enrollment250">
		<OfferingInfo OfferingID="Offering011"/>
		<StudentInfo StudentID="s785103478"/>
		<Grade>C+</Grade>
	</Enrollment>
	<Enrollment EnrollmentID="Enrollment251">
		<OfferingInfo OfferingID="Offering011"/>
		<StudentInfo StudentID="s785811329"/>
		<Grade>C+</Grade>
	</Enrollment>
	<Enrollment EnrollmentID="Enrollment252">
		<OfferingInfo OfferingID="Offering011"/>
		<StudentInfo StudentID="s793034333"/>
		<Grade>D+</Grade>
	</Enrollment>
	<Enrollment EnrollmentID="Enrollment253">
		<OfferingInfo OfferingID="Offering011"/>
		<StudentInfo StudentID="s850631208"/>
		<Grade>C+</Grade>
	</Enrollment>
	<Enrollment EnrollmentID="Enrollment254">
		<OfferingInfo OfferingID="Offering011"/>
		<StudentInfo StudentID="s862952924"/>
		<Grade>C</Grade>
	</Enrollment>
	<Enrollment EnrollmentID="Enrollment255">
		<OfferingInfo OfferingID="Offering011"/>
		<StudentInfo StudentID="s905922853"/>
		<Grade>A-</Grade>
	</Enrollment>
	<Enrollment EnrollmentID="Enrollment256">
		<OfferingInfo OfferingID="Offering011"/>
		<StudentInfo StudentID="s980102825"/>
		<Grade>D+</Grade>
	</Enrollment>
	<Enrollment EnrollmentID="Enrollment257">
		<OfferingInfo OfferingID="Offering012"/>
		<StudentInfo StudentID="s232820149"/>
		<Grade>B-</Grade>
	</Enrollment>
	<Enrollment EnrollmentID="Enrollment258">
		<OfferingInfo OfferingID="Offering012"/>
		<StudentInfo StudentID="s252533260"/>
		<Grade>C+</Grade>
	</Enrollment>
	<Enrollment EnrollmentID="Enrollment259">
		<OfferingInfo OfferingID="Offering012"/>
		<StudentInfo StudentID="s279702622"/>
		<Grade>C</Grade>
	</Enrollment>
	<Enrollment EnrollmentID="Enrollment260">
		<OfferingInfo OfferingID="Offering012"/>
		<StudentInfo StudentID="s382109560"/>
		<Grade>B</Grade>
	</Enrollment>
	<Enrollment EnrollmentID="Enrollment261">
		<OfferingInfo OfferingID="Offering012"/>
		<StudentInfo StudentID="s387215322"/>
		<Grade>A-</Grade>
	</Enrollment>
	<Enrollment EnrollmentID="Enrollment262">
		<OfferingInfo OfferingID="Offering012"/>
		<StudentInfo StudentID="s485619193"/>
		<Grade>D</Grade>
	</Enrollment>
	<Enrollment EnrollmentID="Enrollment263">
		<OfferingInfo OfferingID="Offering012"/>
		<StudentInfo StudentID="s504013895"/>
		<Grade>B</Grade>
	</Enrollment>
	<Enrollment EnrollmentID="Enrollment264">
		<OfferingInfo OfferingID="Offering012"/>
		<StudentInfo StudentID="s587735656"/>
		<Grade>A</Grade>
	</Enrollment>
	<Enrollment EnrollmentID="Enrollment265">
		<OfferingInfo OfferingID="Offering012"/>
		<StudentInfo StudentID="s774885901"/>
		<Grade>A-</Grade>
	</Enrollment>
	<Enrollment EnrollmentID="Enrollment266">
		<OfferingInfo OfferingID="Offering012"/>
		<StudentInfo StudentID="s801166066"/>
		<Grade>C</Grade>
	</Enrollment>
	<Enrollment EnrollmentID="Enrollment267">
		<OfferingInfo OfferingID="Offering012"/>
		<StudentInfo StudentID="s895255243"/>
		<Grade>A-</Grade>
	</Enrollment>
	<Enrollment EnrollmentID="Enrollment268">
		<OfferingInfo OfferingID="Offering013"/>
		<StudentInfo StudentID="s191083779"/>
		<Grade>B-</Grade>
	</Enrollment>
	<Enrollment EnrollmentID="Enrollment269">
		<OfferingInfo OfferingID="Offering013"/>
		<StudentInfo StudentID="s261812056"/>
		<Grade>C-</Grade>
	</Enrollment>
	<Enrollment EnrollmentID="Enrollment270">
		<OfferingInfo OfferingID="Offering013"/>
		<StudentInfo StudentID="s340502961"/>
		<Grade>C+</Grade>
	</Enrollment>
	<Enrollment EnrollmentID="Enrollment271">
		<OfferingInfo OfferingID="Offering013"/>
		<StudentInfo StudentID="s449976666"/>
		<Grade>A</Grade>
	</Enrollment>
	<Enrollment EnrollmentID="Enrollment272">
		<OfferingInfo OfferingID="Offering013"/>
		<StudentInfo StudentID="s467545237"/>
		<Grade>B</Grade>
	</Enrollment>
	<Enrollment EnrollmentID="Enrollment273">
		<OfferingInfo OfferingID="Offering013"/>
		<StudentInfo StudentID="s550658107"/>
		<Grade>C</Grade>
	</Enrollment>
	<Enrollment EnrollmentID="Enrollment274">
		<OfferingInfo OfferingID="Offering013"/>
		<StudentInfo StudentID="s801166066"/>
		<Grade>B-</Grade>
	</Enrollment>
	<Enrollment EnrollmentID="Enrollment275">
		<OfferingInfo OfferingID="Offering013"/>
		<StudentInfo StudentID="s845037919"/>
		<Grade>B+</Grade>
	</Enrollment>
	<Enrollment EnrollmentID="Enrollment276">
		<OfferingInfo OfferingID="Offering013"/>
		<StudentInfo StudentID="s862952924"/>
		<Grade>C+</Grade>
	</Enrollment>
	<Enrollment EnrollmentID="Enrollment277">
		<OfferingInfo OfferingID="Offering013"/>
		<StudentInfo StudentID="s867910658"/>
		<Grade>C-</Grade>
	</Enrollment>
	<Enrollment EnrollmentID="Enrollment278">
		<OfferingInfo OfferingID="Offering013"/>
		<StudentInfo StudentID="s271978135"/>
		<Grade>B+</Grade>
	</Enrollment>
	<Enrollment EnrollmentID="Enrollment279">
		<OfferingInfo OfferingID="Offering013"/>
		<StudentInfo StudentID="s483223789"/>
		<Grade>A-</Grade>
	</Enrollment>
	<Enrollment EnrollmentID="Enrollment280">
		<OfferingInfo OfferingID="Offering013"/>
		<StudentInfo StudentID="s500094214"/>
		<Grade>C+</Grade>
	</Enrollment>
	<Enrollment EnrollmentID="Enrollment281">
		<OfferingInfo OfferingID="Offering013"/>
		<StudentInfo StudentID="s658579865"/>
		<Grade>B</Grade>
	</Enrollment>
	<Enrollment EnrollmentID="Enrollment282">
		<OfferingInfo OfferingID="Offering013"/>
		<StudentInfo StudentID="s722131306"/>
		<Grade>C</Grade>
	</Enrollment>
	<Enrollment EnrollmentID="Enrollment283">
		<OfferingInfo OfferingID="Offering013"/>
		<StudentInfo StudentID="s787422802"/>
		<Grade>B+</Grade>
	</Enrollment>
	<Enrollment EnrollmentID="Enrollment284">
		<OfferingInfo OfferingID="Offering013"/>
		<StudentInfo StudentID="s916916939"/>
		<Grade>C-</Grade>
	</Enrollment>
	<Enrollment EnrollmentID="Enrollment285">
		<OfferingInfo OfferingID="Offering014"/>
		<StudentInfo StudentID="s124208644"/>
		<Grade>C+</Grade>
	</Enrollment>
	<Enrollment EnrollmentID="Enrollment286">
		<OfferingInfo OfferingID="Offering014"/>
		<StudentInfo StudentID="s185141262"/>
		<Grade>B+</Grade>
	</Enrollment>
	<Enrollment EnrollmentID="Enrollment287">
		<OfferingInfo OfferingID="Offering014"/>
		<StudentInfo StudentID="s212976207"/>
		<Grade>B</Grade>
	</Enrollment>
	<Enrollment EnrollmentID="Enrollment288">
		<OfferingInfo OfferingID="Offering014"/>
		<StudentInfo StudentID="s382109560"/>
		<Grade>B</Grade>
	</Enrollment>
	<Enrollment EnrollmentID="Enrollment289">
		<OfferingInfo OfferingID="Offering014"/>
		<StudentInfo StudentID="s406746417"/>
		<Grade>C-</Grade>
	</Enrollment>
	<Enrollment EnrollmentID="Enrollment290">
		<OfferingInfo OfferingID="Offering014"/>
		<StudentInfo StudentID="s467545237"/>
		<Grade>C+</Grade>
	</Enrollment>
	<Enrollment EnrollmentID="Enrollment291">
		<OfferingInfo OfferingID="Offering014"/>
		<StudentInfo StudentID="s483223789"/>
		<Grade>D+</Grade>
	</Enrollment>
	<Enrollment EnrollmentID="Enrollment292">
		<OfferingInfo OfferingID="Offering014"/>
		<StudentInfo StudentID="s495490053"/>
		<Grade>C+</Grade>
	</Enrollment>
	<Enrollment EnrollmentID="Enrollment293">
		<OfferingInfo OfferingID="Offering014"/>
		<StudentInfo StudentID="s550658107"/>
		<Grade>D</Grade>
	</Enrollment>
	<Enrollment EnrollmentID="Enrollment294">
		<OfferingInfo OfferingID="Offering014"/>
		<StudentInfo StudentID="s664353912"/>
		<Grade>A-</Grade>
	</Enrollment>
	<Enrollment EnrollmentID="Enrollment295">
		<OfferingInfo OfferingID="Offering014"/>
		<StudentInfo StudentID="s737972250"/>
		<Grade>B-</Grade>
	</Enrollment>
	<Enrollment EnrollmentID="Enrollment296">
		<OfferingInfo OfferingID="Offering014"/>
		<StudentInfo StudentID="s812073765"/>
		<Grade>B+</Grade>
	</Enrollment>
	<Enrollment EnrollmentID="Enrollment297">
		<OfferingInfo OfferingID="Offering014"/>
		<StudentInfo StudentID="s163728111"/>
		<Grade>B+</Grade>
	</Enrollment>
	<Enrollment EnrollmentID="Enrollment298">
		<OfferingInfo OfferingID="Offering014"/>
		<StudentInfo StudentID="s296669559"/>
		<Grade>A-</Grade>
	</Enrollment>
	<Enrollment EnrollmentID="Enrollment299">
		<OfferingInfo OfferingID="Offering014"/>
		<StudentInfo StudentID="s365774792"/>
		<Grade>A-</Grade>
	</Enrollment>
	<Enrollment EnrollmentID="Enrollment300">
		<OfferingInfo OfferingID="Offering014"/>
		<StudentInfo StudentID="s387215322"/>
		<Grade>D</Grade>
	</Enrollment>
	<Enrollment EnrollmentID="Enrollment301">
		<OfferingInfo OfferingID="Offering014"/>
		<StudentInfo StudentID="s785273479"/>
		<Grade>D+</Grade>
	</Enrollment>
	<Enrollment EnrollmentID="Enrollment302">
		<OfferingInfo OfferingID="Offering014"/>
		<StudentInfo StudentID="s793034333"/>
		<Grade>D</Grade>
	</Enrollment>
	<Enrollment EnrollmentID="Enrollment303">
		<OfferingInfo OfferingID="Offering014"/>
		<StudentInfo StudentID="s862952924"/>
		<Grade>C-</Grade>
	</Enrollment>
	<Enrollment EnrollmentID="Enrollment304">
		<OfferingInfo OfferingID="Offering015"/>
		<StudentInfo StudentID="s290986112"/>
		<Grade>C</Grade>
	</Enrollment>
	<Enrollment EnrollmentID="Enrollment305">
		<OfferingInfo OfferingID="Offering015"/>
		<StudentInfo StudentID="s308635036"/>
		<Grade>D</Grade>
	</Enrollment>
	<Enrollment EnrollmentID="Enrollment306">
		<OfferingInfo OfferingID="Offering015"/>
		<StudentInfo StudentID="s419180204"/>
		<Grade>A-</Grade>
	</Enrollment>
	<Enrollment EnrollmentID="Enrollment307">
		<OfferingInfo OfferingID="Offering015"/>
		<StudentInfo StudentID="s449976666"/>
		<Grade>C+</Grade>
	</Enrollment>
	<Enrollment EnrollmentID="Enrollment308">
		<OfferingInfo OfferingID="Offering015"/>
		<StudentInfo StudentID="s477453864"/>
		<Grade>D+</Grade>
	</Enrollment>
	<Enrollment EnrollmentID="Enrollment309">
		<OfferingInfo OfferingID="Offering015"/>
		<StudentInfo StudentID="s495490053"/>
		<Grade>A-</Grade>
	</Enrollment>
	<Enrollment EnrollmentID="Enrollment310">
		<OfferingInfo OfferingID="Offering015"/>
		<StudentInfo StudentID="s501674545"/>
		<Grade>D+</Grade>
	</Enrollment>
	<Enrollment EnrollmentID="Enrollment311">
		<OfferingInfo OfferingID="Offering015"/>
		<StudentInfo StudentID="s504013895"/>
		<Grade>A-</Grade>
	</Enrollment>
	<Enrollment EnrollmentID="Enrollment312">
		<OfferingInfo OfferingID="Offering015"/>
		<StudentInfo StudentID="s587735656"/>
		<Grade>D+</Grade>
	</Enrollment>
	<Enrollment EnrollmentID="Enrollment313">
		<OfferingInfo OfferingID="Offering015"/>
		<StudentInfo StudentID="s787422802"/>
		<Grade>C-</Grade>
	</Enrollment>
	<Enrollment EnrollmentID="Enrollment314">
		<OfferingInfo OfferingID="Offering015"/>
		<StudentInfo StudentID="s909334701"/>
		<Grade>A-</Grade>
	</Enrollment>
	<Enrollment EnrollmentID="Enrollment315">
		<OfferingInfo OfferingID="Offering015"/>
		<StudentInfo StudentID="s340502961"/>
		<Grade>D+</Grade>
	</Enrollment>
	<Enrollment EnrollmentID="Enrollment316">
		<OfferingInfo OfferingID="Offering015"/>
		<StudentInfo StudentID="s432180765"/>
		<Grade>B</Grade>
	</Enrollment>
	<Enrollment EnrollmentID="Enrollment317">
		<OfferingInfo OfferingID="Offering015"/>
		<StudentInfo StudentID="s485619193"/>
		<Grade>B+</Grade>
	</Enrollment>
	<Enrollment EnrollmentID="Enrollment318">
		<OfferingInfo OfferingID="Offering015"/>
		<StudentInfo StudentID="s644488789"/>
		<Grade>A-</Grade>
	</Enrollment>
	<Enrollment EnrollmentID="Enrollment319">
		<OfferingInfo OfferingID="Offering015"/>
		<StudentInfo StudentID="s696302689"/>
		<Grade>C</Grade>
	</Enrollment>
	<Enrollment EnrollmentID="Enrollment320">
		<OfferingInfo OfferingID="Offering015"/>
		<StudentInfo StudentID="s845037919"/>
		<Grade>B</Grade>
	</Enrollment>
	<Enrollment EnrollmentID="Enrollment321">
		<OfferingInfo OfferingID="Offering015"/>
		<StudentInfo StudentID="s885469446"/>
		<Grade>C+</Grade>
	</Enrollment>
	<Enrollment EnrollmentID="Enrollment322">
		<OfferingInfo OfferingID="Offering005"/>
		<StudentInfo StudentID="s480293439"/>
		<Grade>A</Grade>
	</Enrollment>
</University>
