<?xml version="1.0" encoding="utf-8" ?>
<!-- The database name is not used by the Load command -->
<!-- The column types are not used by the Load command -->
<Database name="UniversityDB">
<Relation name="Person">
  <Columns>
    <Column name="Name" type="Text" />
    <Column name="ID" type="Text" />
    <Column name="Address" type="Text" />
    <Column name="DOB" type="Date" />
  </Columns>
  <Entry>
    <Name>Wee Fletcher</Name>
    <ID>115423723</ID>
    <Address>1234 Hayward Avenue</Address>
    <DOB>1974-09-23 00:00:00</DOB>
  </Entry>
  <Entry>
    <Name>Jinchao Henson</Name>
    <ID>118784412</ID>
    <Address>236 Westland Street</Address>
    <DOB>1976-07-24 00:00:00</DOB>
  </Entry>
  <Entry>
    <Name>Gene Lehmer</Name>
    <ID>120308944</ID>
    <Address>746 Creekside</Address>
    <DOB>1974-06-12 00:00:00</DOB>
  </Entry>
  <Entry>
    <Name>John Basaraba</Name>
    <ID>124208644</ID>
    <Address>678 Westside Apartments</Address>
    <DOB>1974-06-07 00:00:00</DOB>
  </Entry>
  <Entry>
    <Name>Jason Wang</Name>
    <ID>126544126</ID>
    <Address>876 Westburrow</Address>
    <DOB>1977-09-15 00:00:00</DOB>
  </Entry>
  <Entry>
    <Name>Daniel Woo</Name>
    <ID>131838016</ID>
    <Address>890 3rd Street</Address>
    <DOB>1976-03-12 00:00:00</DOB>
  </Entry>
  <Entry>
    <Name>Jamie Yang</Name>
    <ID>143293833</ID>
    <Address>365 Ash Avenue</Address>
    <DOB>1972-02-08 00:00:00</DOB>
  </Entry>
  <Entry>
    <Name>Todd Lu</Name>
    <ID>163728111</ID>
    <Address>89 Williamstown</Address>
    <DOB>1977-12-12 00:00:00</DOB>
  </Entry>
  <Entry>
    <Name>Omar Shahnawaz</Name>
    <ID>164500920</ID>
    <Address>8234 9th Street</Address>
    <DOB>1975-08-28 00:00:00</DOB>
  </Entry>
  <Entry>
    <Name>Jason Huang</Name>
    <ID>164776911</ID>
    <Address>8900 Wilhelm Drive</Address>
    <DOB>1976-09-30 00:00:00</DOB>
  </Entry>
  <Entry>
    <Name>Yeow Huang</Name>
    <ID>170815037</ID>
    <Address>3456 Osborn Drive</Address>
    <DOB>1975-11-23 00:00:00</DOB>
  </Entry>
  <Entry>
    <Name>William Stumpf</Name>
    <ID>185141262</ID>
    <Address>6389 Stange Avenue</Address>
    <DOB>1973-05-23 00:00:00</DOB>
  </Entry>
  <Entry>
    <Name>Sameer Shah</Name>
    <ID>191083779</ID>
    <Address>30 West Street</Address>
    <DOB>1978-09-15 00:00:00</DOB>
  </Entry>
  <Entry>
    <Name>Min Tuyet</Name>
    <ID>201586985</ID>
    <Address>378 Northridge</Address>
    <DOB>1976-12-03 00:00:00</DOB>
  </Entry>
  <Entry>
    <Name>Brian Stumpf</Name>
    <ID>203745018</ID>
    <Address>6780 Leword Avenue</Address>
    <DOB>1976-09-01 00:00:00</DOB>
  </Entry>
  <Entry>
    <Name>Jason Newman</Name>
    <ID>212976207</ID>
    <Address>786 Johnson Avenue</Address>
    <DOB>1974-09-28 00:00:00</DOB>
  </Entry>
  <Entry>
    <Name>Adam Lee</Name>
    <ID>221157745</ID>
    <Address>234 Lincoln Way</Address>
    <DOB>1976-01-09 00:00:00</DOB>
  </Entry>
  <Entry>
    <Name>Wee Wang</Name>
    <ID>222105935</ID>
    <Address>368 Kennedy Blvd</Address>
    <DOB>1978-01-12 00:00:00</DOB>
  </Entry>
  <Entry>
    <Name>Feng Huang</Name>
    <ID>224620876</ID>
    <Address>824 South Blvd</Address>
    <DOB>1975-01-23 00:00:00</DOB>
  </Entry>
  <Entry>
    <Name>Lin Zhou</Name>
    <ID>232820149</ID>
    <Address>678 Prince Blvd</Address>
    <DOB>1976-11-30 00:00:00</DOB>
  </Entry>
  <Entry>
    <Name>Eric Wang</Name>
    <ID>252533260</ID>
    <Address>3478 South 18th Street</Address>
    <DOB>1975-04-14 00:00:00</DOB>
  </Entry>
  <Entry>
    <Name>Aaron Newman</Name>
    <ID>259028125</ID>
    <Address>456 Stanton Drive</Address>
    <DOB>1976-03-14 00:00:00</DOB>
  </Entry>
  <Entry>
    <Name>Yanqiu Huang</Name>
    <ID>260369148</ID>
    <Address>780 Westpark</Address>
    <DOB>1973-11-19 00:00:00</DOB>
  </Entry>
  <Entry>
    <Name>Jason Carney</Name>
    <ID>261812056</ID>
    <Address>864 9th Street</Address>
    <DOB>1974-09-30 00:00:00</DOB>
  </Entry>
  <Entry>
    <Name>Randy Hellman</Name>
    <ID>262891588</ID>
    <Address>7832 Knapp Street</Address>
    <DOB>1973-09-13 00:00:00</DOB>
  </Entry>
  <Entry>
    <Name>Wen White</Name>
    <ID>271978135</ID>
    <Address>834 West Street</Address>
    <DOB>1976-04-11 00:00:00</DOB>
  </Entry>
  <Entry>
    <Name>Lee Andrews</Name>
    <ID>273277984</ID>
    <Address>786 Burlington</Address>
    <DOB>1976-05-13 00:00:00</DOB>
  </Entry>
  <Entry>
    <Name>Zhen Messer</Name>
    <ID>279702622</ID>
    <Address>246 Creekside</Address>
    <DOB>1974-03-13 00:00:00</DOB>
  </Entry>
  <Entry>
    <Name>Chee Yang</Name>
    <ID>285719425</ID>
    <Address>9602 Manhattan</Address>
    <DOB>1977-03-04 00:00:00</DOB>
  </Entry>
  <Entry>
    <Name>Golam Bagga</Name>
    <ID>290986112</ID>
    <Address>468 Northridge</Address>
    <DOB>1973-12-03 00:00:00</DOB>
  </Entry>
  <Entry>
    <Name>Wee Tuyet</Name>
    <ID>296669559</ID>
    <Address>2300 Westside Park</Address>
    <DOB>1976-06-01 00:00:00</DOB>
  </Entry>
  <Entry>
    <Name>Eric Dennis</Name>
    <ID>302335678</ID>
    <Address>2345 Sterling Apartments</Address>
    <DOB>1975-11-12 00:00:00</DOB>
  </Entry>
  <Entry>
    <Name>Scot Lee</Name>
    <ID>308635036</ID>
    <Address>3800 Bloomington</Address>
    <DOB>1976-02-14 00:00:00</DOB>
  </Entry>
  <Entry>
    <Name>Jialiang Jiang</Name>
    <ID>315967897</ID>
    <Address>4563 South Street</Address>
    <DOB>1974-03-16 00:00:00</DOB>
  </Entry>
  <Entry>
    <Name>Colleen Parcher</Name>
    <ID>328718420</ID>
    <Address>9046 Burlington</Address>
    <DOB>1977-04-05 00:00:00</DOB>
  </Entry>
  <Entry>
    <Name>Ling Tesar</Name>
    <ID>330260152</ID>
    <Address>4678 West Street</Address>
    <DOB>1978-05-06 00:00:00</DOB>
  </Entry>
  <Entry>
    <Name>Randy Lewis</Name>
    <ID>332012037</ID>
    <Address>34 Wilhelm Drive</Address>
    <DOB>1972-06-07 00:00:00</DOB>
  </Entry>
  <Entry>
    <Name>Josh Woo</Name>
    <ID>340502961</ID>
    <Address>1002 Creekside</Address>
    <DOB>1973-07-08 00:00:00</DOB>
  </Entry>
  <Entry>
    <Name>Wee Whitteney</Name>
    <ID>363200537</ID>
    <Address>1004 Northridge</Address>
    <DOB>1974-08-09 00:00:00</DOB>
  </Entry>
  <Entry>
    <Name>William Yang</Name>
    <ID>365774792</ID>
    <Address>1800 13th Street</Address>
    <DOB>1975-09-10 00:00:00</DOB>
  </Entry>
  <Entry>
    <Name>Dennis Fletcher</Name>
    <ID>382109560</ID>
    <Address>225 North Hyland</Address>
    <DOB>1976-10-11 00:00:00</DOB>
  </Entry>
  <Entry>
    <Name>Seth Carney</Name>
    <ID>386167477</ID>
    <Address>346 Ash Drive</Address>
    <DOB>1977-11-12 00:00:00</DOB>
  </Entry>
  <Entry>
    <Name>Colleen Good</Name>
    <ID>387215322</ID>
    <Address>356 Chamberlain Street</Address>
    <DOB>1978-12-13 00:00:00</DOB>
  </Entry>
  <Entry>
    <Name>Ming Jiang</Name>
    <ID>391910519</ID>
    <Address>24 Main Street</Address>
    <DOB>1972-01-14 00:00:00</DOB>
  </Entry>
  <Entry>
    <Name>Ryan Schmidt</Name>
    <ID>406746417</ID>
    <Address>240 East Lincoln Way</Address>
    <DOB>1973-02-15 00:00:00</DOB>
  </Entry>
  <Entry>
    <Name>Golam Mohammad</Name>
    <ID>409508678</ID>
    <Address>2040 6th Street</Address>
    <DOB>1974-03-16 00:00:00</DOB>
  </Entry>
  <Entry>
    <Name>Kerry Marks</Name>
    <ID>419180204</ID>
    <Address>2400 West Street</Address>
    <DOB>1975-04-17 00:00:00</DOB>
  </Entry>
  <Entry>
    <Name>Eric Loader</Name>
    <ID>432180765</ID>
    <Address>268 Burlington</Address>
    <DOB>1976-05-18 00:00:00</DOB>
  </Entry>
  <Entry>
    <Name>Jun Wang</Name>
    <ID>449976666</ID>
    <Address>1006 Lebert Hall</Address>
    <DOB>1956-09-15 00:00:00</DOB>
  </Entry>
  <Entry>
    <Name>Chad Moore</Name>
    <ID>463249547</ID>
    <Address>245 Stange Avenue</Address>
    <DOB>1977-06-19 00:00:00</DOB>
  </Entry>
  <Entry>
    <Name>Stumpf Andrews</Name>
    <ID>466094162</ID>
    <Address>3400 28th Street</Address>
    <DOB>1978-07-20 00:00:00</DOB>
  </Entry>
  <Entry>
    <Name>Darren Lehmann</Name>
    <ID>466388906</ID>
    <Address>348 Duff Avenue</Address>
    <DOB>1972-08-21 00:00:00</DOB>
  </Entry>
  <Entry>
    <Name>Damien Martyn</Name>
    <ID>467545237</ID>
    <Address>240 Pammel Drive</Address>
    <DOB>1973-09-22 00:00:00</DOB>
  </Entry>
  <Entry>
    <Name>Brett Lee</Name>
    <ID>477453864</ID>
    <Address>340 Pammel Drive</Address>
    <DOB>1974-10-23 00:00:00</DOB>
  </Entry>
  <Entry>
    <Name>Jan Harvey</Name>
    <ID>483223789</ID>
    <Address>2430 South Dakota</Address>
    <DOB>1975-11-24 00:00:00</DOB>
  </Entry>
  <Entry>
    <Name>Jim Slater</Name>
    <ID>483727101</ID>
    <Address>2300 Franklin Avenue</Address>
    <DOB>1976-12-25 00:00:00</DOB>
  </Entry>
  <Entry>
    <Name>Daniel Hayden</Name>
    <ID>485619193</ID>
    <Address>235 North Hyland</Address>
    <DOB>1977-01-26 00:00:00</DOB>
  </Entry>
  <Entry>
    <Name>Naseer Hussain</Name>
    <ID>490649143</ID>
    <Address>263 North Hyland</Address>
    <DOB>1978-02-27 00:00:00</DOB>
  </Entry>
  <Entry>
    <Name>Michael Vaughan</Name>
    <ID>495490053</ID>
    <Address>153 North Hyland</Address>
    <DOB>1972-03-28 00:00:00</DOB>
  </Entry>
  <Entry>
    <Name>Bradley Hoggs</Name>
    <ID>500094214</ID>
    <Address>246 Franklin Avenue</Address>
    <DOB>1972-04-29 00:00:00</DOB>
  </Entry>
  <Entry>
    <Name>Dennis Patten</Name>
    <ID>501674545</ID>
    <Address>240 Knapp Street</Address>
    <DOB>1973-05-30 00:00:00</DOB>
  </Entry>
  <Entry>
    <Name>Philip Simmons</Name>
    <ID>504013895</ID>
    <Address>1008 Cooper Hall</Address>
    <DOB>1960-11-12 00:00:00</DOB>
  </Entry>
  <Entry>
    <Name>Augustin Logie</Name>
    <ID>513110141</ID>
    <Address>230 Sheldon Avenue</Address>
    <DOB>1974-06-01 00:00:00</DOB>
  </Entry>
  <Entry>
    <Name>Barry Pollock</Name>
    <ID>513729696</ID>
    <Address>246 Osborn Drive</Address>
    <DOB>1975-07-02 00:00:00</DOB>
  </Entry>
  <Entry>
    <Name>Neil Foster</Name>
    <ID>547083692</ID>
    <Address>243 Union Drive</Address>
    <DOB>1976-08-03 00:00:00</DOB>
  </Entry>
  <Entry>
    <Name>Neil Radford</Name>
    <ID>550658107</ID>
    <Address>245 University Village</Address>
    <DOB>1977-09-04 00:00:00</DOB>
  </Entry>
  <Entry>
    <Name>Graeme Dilly</Name>
    <ID>555010131</ID>
    <Address>564 Schiletter</Address>
    <DOB>1978-10-05 00:00:00</DOB>
  </Entry>
  <Entry>
    <Name>Wilf slack</Name>
    <ID>587735656</ID>
    <Address>560 Ash Avenue</Address>
    <DOB>1972-11-06 00:00:00</DOB>
  </Entry>
  <Entry>
    <Name>Alex Tudor</Name>
    <ID>590987789</ID>
    <Address>44 Stanton Drive</Address>
    <DOB>1973-12-07 00:00:00</DOB>
  </Entry>
  <Entry>
    <Name>Craig White</Name>
    <ID>601496044</ID>
    <Address>340 Duff Avenue</Address>
    <DOB>1974-01-08 00:00:00</DOB>
  </Entry>
  <Entry>
    <Name>Derek Crooks</Name>
    <ID>616740646</ID>
    <Address>1200 28th Street</Address>
    <DOB>1975-02-09 00:00:00</DOB>
  </Entry>
  <Entry>
    <Name>Jan Austin</Name>
    <ID>636596145</ID>
    <Address>145 Hyland Avenue</Address>
    <DOB>1976-03-10 00:00:00</DOB>
  </Entry>
  <Entry>
    <Name>Dave Whatmore</Name>
    <ID>644488789</ID>
    <Address>1034 West Street</Address>
    <DOB>1977-04-11 00:00:00</DOB>
  </Entry>
  <Entry>
    <Name>Jeremy Koney</Name>
    <ID>658579865</ID>
    <Address>2410 Chamberlain</Address>
    <DOB>1978-05-12 00:00:00</DOB>
  </Entry>
  <Entry>
    <Name>Merv Hughes</Name>
    <ID>664353912</ID>
    <Address>2400 Sheldon Avenue</Address>
    <DOB>1972-06-13 00:00:00</DOB>
  </Entry>
  <Entry>
    <Name>John Bracewell</Name>
    <ID>685744439</ID>
    <Address>1005 Lebert Hall</Address>
    <DOB>1962-09-24 00:00:00</DOB>
  </Entry>
  <Entry>
    <Name>Martin Crowe</Name>
    <ID>696302689</ID>
    <Address>1240 Stanton Drive</Address>
    <DOB>1973-07-14 00:00:00</DOB>
  </Entry>
  <Entry>
    <Name>Gavin Larson</Name>
    <ID>696335701</ID>
    <Address>1200 6th Street</Address>
    <DOB>1974-08-15 00:00:00</DOB>
  </Entry>
  <Entry>
    <Name>Chris Harris</Name>
    <ID>712524758</ID>
    <Address>2300 Chamberlain</Address>
    <DOB>1975-09-16 00:00:00</DOB>
  </Entry>
  <Entry>
    <Name>Chris Cairns</Name>
    <ID>712952591</ID>
    <Address>210 North Hyland</Address>
    <DOB>1976-10-17 00:00:00</DOB>
  </Entry>
  <Entry>
    <Name>Glen Turner</Name>
    <ID>722131306</ID>
    <Address>2390 Ash Avenue</Address>
    <DOB>1977-11-18 00:00:00</DOB>
  </Entry>
  <Entry>
    <Name>Deepak Patel</Name>
    <ID>737972250</ID>
    <Address>123 Bluebird Avenue</Address>
    <DOB>1978-12-19 00:00:00</DOB>
  </Entry>
  <Entry>
    <Name>Aldin Baptist</Name>
    <ID>743991555</ID>
    <Address>2345 Knapp</Address>
    <DOB>1972-01-20 00:00:00</DOB>
  </Entry>
  <Entry>
    <Name>John Poweel</Name>
    <ID>750913239</ID>
    <Address>234 13th Street</Address>
    <DOB>1973-02-21 00:00:00</DOB>
  </Entry>
  <Entry>
    <Name>Barbara Potters</Name>
    <ID>774885901</ID>
    <Address>2786 6th Street</Address>
    <DOB>1974-03-22 00:00:00</DOB>
  </Entry>
  <Entry>
    <Name>Jennifer Lowe</Name>
    <ID>785103478</ID>
    <Address>199 North Hyland</Address>
    <DOB>1975-04-23 00:00:00</DOB>
  </Entry>
  <Entry>
    <Name>Juan Rodriguez</Name>
    <ID>785273479</ID>
    <Address>25 Thomson Blvd</Address>
    <DOB>1976-05-24 00:00:00</DOB>
  </Entry>
  <Entry>
    <Name>Marcus Trescothick</Name>
    <ID>785811329</ID>
    <Address>34 Rampart Row</Address>
    <DOB>1977-06-25 00:00:00</DOB>
  </Entry>
  <Entry>
    <Name>Vikram Solanki</Name>
    <ID>787422802</ID>
    <Address>678 Queens Blvd</Address>
    <DOB>1978-07-26 00:00:00</DOB>
  </Entry>
  <Entry>
    <Name>Ronnie Irani</Name>
    <ID>793034333</ID>
    <Address>789 Gutherie Avenue</Address>
    <DOB>1972-08-27 00:00:00</DOB>
  </Entry>
  <Entry>
    <Name>Alan Sherear</Name>
    <ID>801166066</ID>
    <Address>890 Richard Street</Address>
    <DOB>1973-09-28 00:00:00</DOB>
  </Entry>
  <Entry>
    <Name>Rud Gullit</Name>
    <ID>803024290</ID>
    <Address>2345 West Street</Address>
    <DOB>1974-10-29 00:00:00</DOB>
  </Entry>
  <Entry>
    <Name>Martin Vasquez</Name>
    <ID>812073765</ID>
    <Address>2678 Rand Street</Address>
    <DOB>1975-11-30 00:00:00</DOB>
  </Entry>
  <Entry>
    <Name>John Freeman</Name>
    <ID>831142613</ID>
    <Address>2456 Stanton Street</Address>
    <DOB>1976-12-31 00:00:00</DOB>
  </Entry>
  <Entry>
    <Name>Philip Richards</Name>
    <ID>836826630</ID>
    <Address>6754 Bluebird Avenue</Address>
    <DOB>1977-01-01 00:00:00</DOB>
  </Entry>
  <Entry>
    <Name>Phil Edmonds</Name>
    <ID>839437833</ID>
    <Address>2312 Peder Street</Address>
    <DOB>1978-02-02 00:00:00</DOB>
  </Entry>
  <Entry>
    <Name>John Emburey</Name>
    <ID>845037919</ID>
    <Address>3452 Warden Road</Address>
    <DOB>1972-03-03 00:00:00</DOB>
  </Entry>
  <Entry>
    <Name>Robin Smith</Name>
    <ID>850631208</ID>
    <Address>4562 Carmichael Road</Address>
    <DOB>1973-04-04 00:00:00</DOB>
  </Entry>
  <Entry>
    <Name>Gavin Robertson</Name>
    <ID>862952924</ID>
    <Address>7654 Hill Road</Address>
    <DOB>1974-05-05 00:00:00</DOB>
  </Entry>
  <Entry>
    <Name>Justin Langer</Name>
    <ID>867910658</ID>
    <Address>5678 Mcnally Street</Address>
    <DOB>1975-06-06 00:00:00</DOB>
  </Entry>
  <Entry>
    <Name>Greg Blewett</Name>
    <ID>876550324</ID>
    <Address>234 Dayton</Address>
    <DOB>1976-07-07 00:00:00</DOB>
  </Entry>
  <Entry>
    <Name>John Matthews</Name>
    <ID>885469446</ID>
    <Address>578 3rd Street</Address>
    <DOB>1977-08-08 00:00:00</DOB>
  </Entry>
  <Entry>
    <Name>Ray Bright</Name>
    <ID>895255243</ID>
    <Address>1001 Cooper Hall</Address>
    <DOB>1955-12-11 00:00:00</DOB>
  </Entry>
  <Entry>
    <Name>Evan Chatfield</Name>
    <ID>901511548</ID>
    <Address>1002 Cooper Hall</Address>
    <DOB>1963-03-04 00:00:00</DOB>
  </Entry>
  <Entry>
    <Name>Shaun Elliot</Name>
    <ID>905922853</ID>
    <Address>456 Carver Street</Address>
    <DOB>1978-09-09 00:00:00</DOB>
  </Entry>
  <Entry>
    <Name>Perminder Singh</Name>
    <ID>907425648</ID>
    <Address>1003 Cooper Hall</Address>
    <DOB>1952-11-28 00:00:00</DOB>
  </Entry>
  <Entry>
    <Name>Jacques Kallis</Name>
    <ID>909334701</ID>
    <Address>1004 Cooper Hall</Address>
    <DOB>1964-02-27 00:00:00</DOB>
  </Entry>
  <Entry>
    <Name>Alan Donald</Name>
    <ID>916916939</ID>
    <Address>2410 Knapp Street</Address>
    <DOB>1972-10-10 00:00:00</DOB>
  </Entry>
  <Entry>
    <Name>Geoff Marsh</Name>
    <ID>924248824</ID>
    <Address>2345 Wembley</Address>
    <DOB>1973-11-11 00:00:00</DOB>
  </Entry>
  <Entry>
    <Name>David Boon</Name>
    <ID>930231660</ID>
    <Address>1005 Cooper Hall</Address>
    <DOB>1965-07-04 00:00:00</DOB>
  </Entry>
  <Entry>
    <Name>Dean Jones</Name>
    <ID>952145559</ID>
    <Address>1006 Cooper Hall</Address>
    <DOB>1962-01-02 00:00:00</DOB>
  </Entry>
  <Entry>
    <Name>Tom Moody</Name>
    <ID>956234659</ID>
    <Address>590 James Street</Address>
    <DOB>1974-12-12 00:00:00</DOB>
  </Entry>
  <Entry>
    <Name>Ricky Ponting</Name>
    <ID>961874958</ID>
    <Address>592 James Street</Address>
    <DOB>1975-01-13 00:00:00</DOB>
  </Entry>
  <Entry>
    <Name>Alan Border</Name>
    <ID>965882492</ID>
    <Address>1007 Cooper Hall</Address>
    <DOB>1963-01-24 00:00:00</DOB>
  </Entry>
  <Entry>
    <Name>Kepler Wessels</Name>
    <ID>973071948</ID>
    <Address>234 Bloomington</Address>
    <DOB>1976-02-14 00:00:00</DOB>
  </Entry>
  <Entry>
    <Name>Peter Kirsten</Name>
    <ID>980102825</ID>
    <Address>1468 Stanton Avenue</Address>
    <DOB>1977-03-15 00:00:00</DOB>
  </Entry>
  <Entry>
    <Name>Chris Pringle</Name>
    <ID>985954783</ID>
    <Address>2456 East London</Address>
    <DOB>1978-04-16 00:00:00</DOB>
  </Entry>
  <Entry>
    <Name>Craig Matthews</Name>
    <ID>992485307</ID>
    <Address>290 Riddle Street</Address>
    <DOB>1972-05-17 00:00:00</DOB>
  </Entry>
  <Entry>
    <Name>Richard Snell</Name>
    <ID>996056608</ID>
    <Address>256 Franklin Street</Address>
    <DOB>1973-06-18 00:00:00</DOB>
  </Entry>
  <Entry>
    <Name>Richard Ellison</Name>
    <ID>997111094</ID>
    <Address>456 Ontario</Address>
    <DOB>1974-07-19 00:00:00</DOB>
  </Entry>
</Relation> 

<Relation name="Instructor">
  <Columns>
    <Column name="InstructorID" type="Text" />
    <Column name="Rank" type="Text" />
    <Column name="Salary" type="Integer" />
  </Columns>
  <Entry>
    <InstructorID>201586985</InstructorID>
    <Rank>Professor</Rank>
    <Salary>120000</Salary>
  </Entry>
  <Entry>
    <InstructorID>386167477</InstructorID>
    <Rank>Reader</Rank>
    <Salary>100000</Salary>
  </Entry>
  <Entry>
    <InstructorID>463249547</InstructorID>
    <Rank>Reader</Rank>
    <Salary>100000</Salary>
  </Entry>
  <Entry>
    <InstructorID>466388906</InstructorID>
    <Rank>Lecturer</Rank>
    <Salary>80000</Salary>
  </Entry>
  <Entry>
    <InstructorID>555010131</InstructorID>
    <Rank>Professor</Rank>
    <Salary>120000</Salary>
  </Entry>
  <Entry>
    <InstructorID>685744439</InstructorID>
    <Rank>Reader</Rank>
    <Salary>100000</Salary>
  </Entry>
  <Entry>
    <InstructorID>696335701</InstructorID>
    <Rank>Lecturer</Rank>
    <Salary>80000</Salary>
  </Entry>
  <Entry>
    <InstructorID>836826630</InstructorID>
    <Rank>Lecturer</Rank>
    <Salary>80000</Salary>
  </Entry>
  <Entry>
    <InstructorID>961874958</InstructorID>
    <Rank>Professor</Rank>
    <Salary>120000</Salary>
  </Entry>
  <Entry>
    <InstructorID>997111094</InstructorID>
    <Rank>Reader</Rank>
    <Salary>100000</Salary>
  </Entry>
</Relation>

<Relation name="Student">
	<Columns>
		<Column name="StudentID" type="Text" />
		<Column name="Classification" type="Text" />
		<Column name="GPA" type="Double" />
		<Column name="MentorID" type="Text" />
		<Column name="CreditHours" type="Integer" />
	</Columns>
	<Entry>
		<StudentID>118784412</StudentID>
		<Classification>Sophomore</Classification>
		<GPA>3.19</GPA>
		<MentorID>201586985</MentorID>
		<CreditHours>39</CreditHours>
	</Entry>
	<Entry>
		<StudentID>124208644</StudentID>
		<Classification>Senior</Classification>
		<GPA>2.78</GPA>
		<MentorID>997111094</MentorID>
		<CreditHours>96</CreditHours>
	</Entry>
	<Entry>
		<StudentID>131838016</StudentID>
		<Classification>Junior</Classification>
		<GPA>2.95</GPA>
		<MentorID>386167477</MentorID>
		<CreditHours>68</CreditHours>
	</Entry>
	<Entry>
		<StudentID>143293833</StudentID>
		<Classification>Freshman</Classification>
		<GPA>3.46</GPA>
		<MentorID>463249547</MentorID>
		<CreditHours>21</CreditHours>
	</Entry>
	<Entry>
		<StudentID>163728111</StudentID>
		<Classification>Sophomore</Classification>
		<GPA>3.66</GPA>
		<MentorID>386167477</MentorID>
		<CreditHours>42</CreditHours>
	</Entry>
	<Entry>
		<StudentID>164500920</StudentID>
		<Classification>Senior</Classification>
		<GPA>3.89</GPA>
		<MentorID>201586985</MentorID>
		<CreditHours>99</CreditHours>
	</Entry>
	<Entry>
		<StudentID>164776911</StudentID>
		<Classification>Junior</Classification>
		<GPA>4</GPA>
		<MentorID>201586985</MentorID>
		<CreditHours>76</CreditHours>
	</Entry>
	<Entry>
		<StudentID>170815037</StudentID>
		<Classification>Freshman</Classification>
		<GPA>3.56</GPA>
		<MentorID>466388906</MentorID>
		<CreditHours>21</CreditHours>
	</Entry>
	<Entry>
		<StudentID>185141262</StudentID>
		<Classification>Sophomore</Classification>
		<GPA>2.29</GPA>
		<MentorID>386167477</MentorID>
		<CreditHours>54</CreditHours>
	</Entry>
	<Entry>
		<StudentID>191083779</StudentID>
		<Classification>Senior</Classification>
		<GPA>4</GPA>
		<MentorID>685744439</MentorID>
		<CreditHours>98</CreditHours>
	</Entry>
	<Entry>
		<StudentID>203745018</StudentID>
		<Classification>Junior</Classification>
		<GPA>3.45</GPA>
		<MentorID>997111094</MentorID>
		<CreditHours>70</CreditHours>
	</Entry>
	<Entry>
		<StudentID>212976207</StudentID>
		<Classification>Freshman</Classification>
		<GPA>4</GPA>
		<MentorID>555010131</MentorID>
		<CreditHours>24</CreditHours>
	</Entry>
	<Entry>
		<StudentID>222105935</StudentID>
		<Classification>Sophomore</Classification>
		<GPA>3.23</GPA>
		<MentorID>466388906</MentorID>
		<CreditHours>39</CreditHours>
	</Entry>
	<Entry>
		<StudentID>224620876</StudentID>
		<Classification>Senior</Classification>
		<GPA>3.3</GPA>
		<MentorID>997111094</MentorID>
		<CreditHours>105</CreditHours>
	</Entry>
	<Entry>
		<StudentID>232820149</StudentID>
		<Classification>Junior</Classification>
		<GPA>2.3</GPA>
		<MentorID>836826630</MentorID>
		<CreditHours>69</CreditHours>
	</Entry>
	<Entry>
		<StudentID>252533260</StudentID>
		<Classification>Freshman</Classification>
		<GPA>2.19</GPA>
		<MentorID>696335701</MentorID>
		<CreditHours>24</CreditHours>
	</Entry>
	<Entry>
		<StudentID>260369148</StudentID>
		<Classification>Sophomore</Classification>
		<GPA>2.99</GPA>
		<MentorID>696335701</MentorID>
		<CreditHours>39</CreditHours>
	</Entry>
	<Entry>
		<StudentID>261812056</StudentID>
		<Classification>Senior</Classification>
		<GPA>3.48</GPA>
		<MentorID>463249547</MentorID>
		<CreditHours>102</CreditHours>
	</Entry>
	<Entry>
		<StudentID>262891588</StudentID>
		<Classification>Junior</Classification>
		<GPA>3.5</GPA>
		<MentorID>555010131</MentorID>
		<CreditHours>82</CreditHours>
	</Entry>
	<Entry>
		<StudentID>271978135</StudentID>
		<Classification>Freshman</Classification>
		<GPA>3.78</GPA>
		<MentorID>836826630</MentorID>
		<CreditHours>24</CreditHours>
	</Entry>
	<Entry>
		<StudentID>273277984</StudentID>
		<Classification>Sophomore</Classification>
		<GPA>3.9</GPA>
		<MentorID>386167477</MentorID>
		<CreditHours>42</CreditHours>
	</Entry>
	<Entry>
		<StudentID>279702622</StudentID>
		<Classification>Senior</Classification>
		<GPA>3.45</GPA>
		<MentorID>836826630</MentorID>
		<CreditHours>105</CreditHours>
	</Entry>
	<Entry>
		<StudentID>285719425</StudentID>
		<Classification>Junior</Classification>
		<GPA>2.3</GPA>
		<MentorID>961874958</MentorID>
		<CreditHours>72</CreditHours>
	</Entry>
	<Entry>
		<StudentID>290986112</StudentID>
		<Classification>Freshman</Classification>
		<GPA>3.23</GPA>
		<MentorID>685744439</MentorID>
		<CreditHours>18</CreditHours>
	</Entry>
	<Entry>
		<StudentID>296669559</StudentID>
		<Classification>Sophomore</Classification>
		<GPA>3.67</GPA>
		<MentorID>836826630</MentorID>
		<CreditHours>48</CreditHours>
	</Entry>
	<Entry>
		<StudentID>302335678</StudentID>
		<Classification>Senior</Classification>
		<GPA>3.66</GPA>
		<MentorID>997111094</MentorID>
		<CreditHours>105</CreditHours>
	</Entry>
	<Entry>
		<StudentID>308635036</StudentID>
		<Classification>Junior</Classification>
		<GPA>3.45</GPA>
		<MentorID>961874958</MentorID>
		<CreditHours>78</CreditHours>
	</Entry>
	<Entry>
		<StudentID>315967897</StudentID>
		<Classification>Freshman</Classification>
		<GPA>3.89</GPA>
		<MentorID>463249547</MentorID>
		<CreditHours>18</CreditHours>
	</Entry>
	<Entry>
		<StudentID>328718420</StudentID>
		<Classification>Sophomore</Classification>
		<GPA>3.96</GPA>
		<MentorID>997111094</MentorID>
		<CreditHours>42</CreditHours>
	</Entry>
	<Entry>
		<StudentID>332012037</StudentID>
		<Classification>Senior</Classification>
		<GPA>3.45</GPA>
		<MentorID>386167477</MentorID>
		<CreditHours>99</CreditHours>
	</Entry>
	<Entry>
		<StudentID>340502961</StudentID>
		<Classification>Junior</Classification>
		<GPA>3.78</GPA>
		<MentorID>685744439</MentorID>
		<CreditHours>82</CreditHours>
	</Entry>
	<Entry>
		<StudentID>363200537</StudentID>
		<Classification>Freshman</Classification>
		<GPA>2.67</GPA>
		<MentorID>555010131</MentorID>
		<CreditHours>27</CreditHours>
	</Entry>
	<Entry>
		<StudentID>365774792</StudentID>
		<Classification>Sophomore</Classification>
		<GPA>2.45</GPA>
		<MentorID>463249547</MentorID>
		<CreditHours>56</CreditHours>
	</Entry>
	<Entry>
		<StudentID>382109560</StudentID>
		<Classification>Senior</Classification>
		<GPA>2.78</GPA>
		<MentorID>696335701</MentorID>
		<CreditHours>95</CreditHours>
	</Entry>
	<Entry>
		<StudentID>387215322</StudentID>
		<Classification>Junior</Classification>
		<GPA>2.89</GPA>
		<MentorID>201586985</MentorID>
		<CreditHours>78</CreditHours>
	</Entry>
	<Entry>
		<StudentID>391910519</StudentID>
		<Classification>Freshman</Classification>
		<GPA>2.67</GPA>
		<MentorID>386167477</MentorID>
		<CreditHours>18</CreditHours>
	</Entry>
	<Entry>
		<StudentID>406746417</StudentID>
		<Classification>Sophomore</Classification>
		<GPA>2.34</GPA>
		<MentorID>836826630</MentorID>
		<CreditHours>48</CreditHours>
	</Entry>
	<Entry>
		<StudentID>409508678</StudentID>
		<Classification>Senior</Classification>
		<GPA>3.47</GPA>
		<MentorID>997111094</MentorID>
		<CreditHours>98</CreditHours>
	</Entry>
	<Entry>
		<StudentID>419180204</StudentID>
		<Classification>Junior</Classification>
		<GPA>3.89</GPA>
		<MentorID>466388906</MentorID>
		<CreditHours>76</CreditHours>
	</Entry>
	<Entry>
		<StudentID>432180765</StudentID>
		<Classification>Freshman</Classification>
		<GPA>3.89</GPA>
		<MentorID>201586985</MentorID>
		<CreditHours>12</CreditHours>
	</Entry>
	<Entry>
		<StudentID>449976666</StudentID>
		<Classification>Sophomore</Classification>
		<GPA>3.65</GPA>
		<MentorID>466388906</MentorID>
		<CreditHours>45</CreditHours>
	</Entry>
	<Entry>
		<StudentID>466094162</StudentID>
		<Classification>Senior</Classification>
		<GPA>3.89</GPA>
		<MentorID>555010131</MentorID>
		<CreditHours>112</CreditHours>
	</Entry>
	<Entry>
		<StudentID>467545237</StudentID>
		<Classification>Junior</Classification>
		<GPA>3.56</GPA>
		<MentorID>961874958</MentorID>
		<CreditHours>78</CreditHours>
	</Entry>
	<Entry>
		<StudentID>477453864</StudentID>
		<Classification>Freshman</Classification>
		<GPA>3.9</GPA>
		<MentorID>961874958</MentorID>
		<CreditHours>12</CreditHours>
	</Entry>
	<Entry>
		<StudentID>483223789</StudentID>
		<Classification>Sophomore</Classification>
		<GPA>3.96</GPA>
		<MentorID>555010131</MentorID>
		<CreditHours>48</CreditHours>
	</Entry>
	<Entry>
		<StudentID>483727101</StudentID>
		<Classification>Senior</Classification>
		<GPA>3.89</GPA>
		<MentorID>201586985</MentorID>
		<CreditHours>102</CreditHours>
	</Entry>
	<Entry>
		<StudentID>485619193</StudentID>
		<Classification>Junior</Classification>
		<GPA>3.21</GPA>
		<MentorID>555010131</MentorID>
		<CreditHours>78</CreditHours>
	</Entry>
	<Entry>
		<StudentID>490649143</StudentID>
		<Classification>Freshman</Classification>
		<GPA>3.19</GPA>
		<MentorID>836826630</MentorID>
		<CreditHours>27</CreditHours>
	</Entry>
	<Entry>
		<StudentID>495490053</StudentID>
		<Classification>Sophomore</Classification>
		<GPA>2.89</GPA>
		<MentorID>836826630</MentorID>
		<CreditHours>39</CreditHours>
	</Entry>
	<Entry>
		<StudentID>500094214</StudentID>
		<Classification>Senior</Classification>
		<GPA>3.45</GPA>
		<MentorID>696335701</MentorID>
		<CreditHours>112</CreditHours>
	</Entry>
	<Entry>
		<StudentID>501674545</StudentID>
		<Classification>Junior</Classification>
		<GPA>2.78</GPA>
		<MentorID>685744439</MentorID>
		<CreditHours>78</CreditHours>
	</Entry>
	<Entry>
		<StudentID>504013895</StudentID>
		<Classification>Freshman</Classification>
		<GPA>2.98</GPA>
		<MentorID>997111094</MentorID>
		<CreditHours>18</CreditHours>
	</Entry>
	<Entry>
		<StudentID>513110141</StudentID>
		<Classification>Sophomore</Classification>
		<GPA>2.34</GPA>
		<MentorID>696335701</MentorID>
		<CreditHours>48</CreditHours>
	</Entry>
	<Entry>
		<StudentID>513729696</StudentID>
		<Classification>Senior</Classification>
		<GPA>1.98</GPA>
		<MentorID>685744439</MentorID>
		<CreditHours>102</CreditHours>
	</Entry>
	<Entry>
		<StudentID>550658107</StudentID>
		<Classification>Junior</Classification>
		<GPA>2.14</GPA>
		<MentorID>696335701</MentorID>
		<CreditHours>66</CreditHours>
	</Entry>
	<Entry>
		<StudentID>587735656</StudentID>
		<Classification>Freshman</Classification>
		<GPA>3.45</GPA>
		<MentorID>463249547</MentorID>
		<CreditHours>25</CreditHours>
	</Entry>
	<Entry>
		<StudentID>590987789</StudentID>
		<Classification>Sophomore</Classification>
		<GPA>3.23</GPA>
		<MentorID>685744439</MentorID>
		<CreditHours>45</CreditHours>
	</Entry>
	<Entry>
		<StudentID>601496044</StudentID>
		<Classification>Senior</Classification>
		<GPA>3.45</GPA>
		<MentorID>997111094</MentorID>
		<CreditHours>105</CreditHours>
	</Entry>
	<Entry>
		<StudentID>636596145</StudentID>
		<Classification>Junior</Classification>
		<GPA>2.89</GPA>
		<MentorID>555010131</MentorID>
		<CreditHours>75</CreditHours>
	</Entry>
	<Entry>
		<StudentID>644488789</StudentID>
		<Classification>Freshman</Classification>
		<GPA>2.99</GPA>
		<MentorID>466388906</MentorID>
		<CreditHours>24</CreditHours>
	</Entry>
	<Entry>
		<StudentID>658579865</StudentID>
		<Classification>Sophomore</Classification>
		<GPA>3.67</GPA>
		<MentorID>836826630</MentorID>
		<CreditHours>42</CreditHours>
	</Entry>
	<Entry>
		<StudentID>664353912</StudentID>
		<Classification>Senior</Classification>
		<GPA>3.89</GPA>
		<MentorID>466388906</MentorID>
		<CreditHours>99</CreditHours>
	</Entry>
	<Entry>
		<StudentID>696302689</StudentID>
		<Classification>Junior</Classification>
		<GPA>3.9</GPA>
		<MentorID>463249547</MentorID>
		<CreditHours>81</CreditHours>
	</Entry>
	<Entry>
		<StudentID>712524758</StudentID>
		<Classification>Freshman</Classification>
		<GPA>4</GPA>
		<MentorID>555010131</MentorID>
		<CreditHours>21</CreditHours>
	</Entry>
	<Entry>
		<StudentID>712952591</StudentID>
		<Classification>Junior</Classification>
		<GPA>3.98</GPA>
		<MentorID>463249547</MentorID>
		<CreditHours>72</CreditHours>
	</Entry>
	<Entry>
		<StudentID>722131306</StudentID>
		<Classification>Senior</Classification>
		<GPA>3.89</GPA>
		<MentorID>201586985</MentorID>
		<CreditHours>112</CreditHours>
	</Entry>
	<Entry>
		<StudentID>737972250</StudentID>
		<Classification>Junior</Classification>
		<GPA>3.45</GPA>
		<MentorID>997111094</MentorID>
		<CreditHours>80</CreditHours>
	</Entry>
	<Entry>
		<StudentID>743991555</StudentID>
		<Classification>Freshman</Classification>
		<GPA>3.23</GPA>
		<MentorID>463249547</MentorID>
		<CreditHours>27</CreditHours>
	</Entry>
	<Entry>
		<StudentID>750913239</StudentID>
		<Classification>Sophomore</Classification>
		<GPA>3.23</GPA>
		<MentorID>466388906</MentorID>
		<CreditHours>54</CreditHours>
	</Entry>
	<Entry>
		<StudentID>774885901</StudentID>
		<Classification>Senior</Classification>
		<GPA>3.67</GPA>
		<MentorID>463249547</MentorID>
		<CreditHours>99</CreditHours>
	</Entry>
	<Entry>
		<StudentID>785103478</StudentID>
		<Classification>Junior</Classification>
		<GPA>3.78</GPA>
		<MentorID>997111094</MentorID>
		<CreditHours>84</CreditHours>
	</Entry>
	<Entry>
		<StudentID>785273479</StudentID>
		<Classification>Freshman</Classification>
		<GPA>3.89</GPA>
		<MentorID>685744439</MentorID>
		<CreditHours>24</CreditHours>
	</Entry>
	<Entry>
		<StudentID>785811329</StudentID>
		<Classification>Sophomore</Classification>
		<GPA>2.67</GPA>
		<MentorID>685744439</MentorID>
		<CreditHours>48</CreditHours>
	</Entry>
	<Entry>
		<StudentID>787422802</StudentID>
		<Classification>Senior</Classification>
		<GPA>3</GPA>
		<MentorID>463249547</MentorID>
		<CreditHours>94</CreditHours>
	</Entry>
	<Entry>
		<StudentID>793034333</StudentID>
		<Classification>Junior</Classification>
		<GPA>3.17</GPA>
		<MentorID>961874958</MentorID>
		<CreditHours>75</CreditHours>
	</Entry>
	<Entry>
		<StudentID>801166066</StudentID>
		<Classification>Freshman</Classification>
		<GPA>3.12</GPA>
		<MentorID>685744439</MentorID>
		<CreditHours>18</CreditHours>
	</Entry>
	<Entry>
		<StudentID>803024290</StudentID>
		<Classification>Sophomore</Classification>
		<GPA>3.89</GPA>
		<MentorID>997111094</MentorID>
		<CreditHours>54</CreditHours>
	</Entry>
	<Entry>
		<StudentID>812073765</StudentID>
		<Classification>Senior</Classification>
		<GPA>4</GPA>
		<MentorID>386167477</MentorID>
		<CreditHours>105</CreditHours>
	</Entry>
	<Entry>
		<StudentID>831142613</StudentID>
		<Classification>Junior</Classification>
		<GPA>3.67</GPA>
		<MentorID>555010131</MentorID>
		<CreditHours>75</CreditHours>
	</Entry>
	<Entry>
		<StudentID>845037919</StudentID>
		<Classification>Freshman</Classification>
		<GPA>2.34</GPA>
		<MentorID>386167477</MentorID>
		<CreditHours>24</CreditHours>
	</Entry>
	<Entry>
		<StudentID>850631208</StudentID>
		<Classification>Sophomore</Classification>
		<GPA>2.19</GPA>
		<MentorID>997111094</MentorID>
		<CreditHours>52</CreditHours>
	</Entry>
	<Entry>
		<StudentID>862952924</StudentID>
		<Classification>Senior</Classification>
		<GPA>1.96</GPA>
		<MentorID>555010131</MentorID>
		<CreditHours>96</CreditHours>
	</Entry>
	<Entry>
		<StudentID>867910658</StudentID>
		<Classification>Junior</Classification>
		<GPA>3.89</GPA>
		<MentorID>386167477</MentorID>
		<CreditHours>75</CreditHours>
	</Entry>
	<Entry>
		<StudentID>876550324</StudentID>
		<Classification>Freshman</Classification>
		<GPA>3.89</GPA>
		<MentorID>836826630</MentorID>
		<CreditHours>21</CreditHours>
	</Entry>
	<Entry>
		<StudentID>885469446</StudentID>
		<Classification>Sophomore</Classification>
		<GPA>3.45</GPA>
		<MentorID>961874958</MentorID>
		<CreditHours>48</CreditHours>
	</Entry>
	<Entry>
		<StudentID>895255243</StudentID>
		<Classification>Senior</Classification>
		<GPA>3.42</GPA>
		<MentorID>201586985</MentorID>
		<CreditHours>98</CreditHours>
	</Entry>
	<Entry>
		<StudentID>901511548</StudentID>
		<Classification>Junior</Classification>
		<GPA>3.32</GPA>
		<MentorID>201586985</MentorID>
		<CreditHours>80</CreditHours>
	</Entry>
	<Entry>
		<StudentID>905922853</StudentID>
		<Classification>Freshman</Classification>
		<GPA>3.4</GPA>
		<MentorID>466388906</MentorID>
		<CreditHours>21</CreditHours>
	</Entry>
	<Entry>
		<StudentID>907425648</StudentID>
		<Classification>Sophomore</Classification>
		<GPA>4</GPA>
		<MentorID>555010131</MentorID>
		<CreditHours>52</CreditHours>
	</Entry>
	<Entry>
		<StudentID>909334701</StudentID>
		<Classification>Senior</Classification>
		<GPA>3.12</GPA>
		<MentorID>466388906</MentorID>
		<CreditHours>105</CreditHours>
	</Entry>
	<Entry>
		<StudentID>916916939</StudentID>
		<Classification>Junior</Classification>
		<GPA>3.9</GPA>
		<MentorID>696335701</MentorID>
		<CreditHours>80</CreditHours>
	</Entry>
	<Entry>
		<StudentID>930231660</StudentID>
		<Classification>Freshman</Classification>
		<GPA>3.87</GPA>
		<MentorID>463249547</MentorID>
		<CreditHours>21</CreditHours>
	</Entry>
	<Entry>
		<StudentID>952145559</StudentID>
		<Classification>Sophomore</Classification>
		<GPA>4</GPA>
		<MentorID>836826630</MentorID>
		<CreditHours>54</CreditHours>
	</Entry>
	<Entry>
		<StudentID>956234659</StudentID>
		<Classification>Senior</Classification>
		<GPA>4</GPA>
		<MentorID>997111094</MentorID>
		<CreditHours>95</CreditHours>
	</Entry>
	<Entry>
		<StudentID>965882492</StudentID>
		<Classification>Junior</Classification>
		<GPA>3.89</GPA>
		<MentorID>961874958</MentorID>
		<CreditHours>76</CreditHours>
	</Entry>
	<Entry>
		<StudentID>973071948</StudentID>
		<Classification>Freshman</Classification>
		<GPA>3.98</GPA>
		<MentorID>466388906</MentorID>
		<CreditHours>24</CreditHours>
	</Entry>
	<Entry>
		<StudentID>980102825</StudentID>
		<Classification>Sophomore</Classification>
		<GPA>3.42</GPA>
		<MentorID>463249547</MentorID>
		<CreditHours>45</CreditHours>
	</Entry>
	<Entry>
		<StudentID>985954783</StudentID>
		<Classification>Junior</Classification>
		<GPA>0.45</GPA>
		<MentorID>836826630</MentorID>
		<CreditHours>76</CreditHours>
	</Entry>
	<Entry>
		<StudentID>992485307</StudentID>
		<Classification>Freshman</Classification>
		<GPA>0.49</GPA>
		<MentorID>201586985</MentorID>
		<CreditHours>24</CreditHours>
	</Entry>
	<Entry>
		<StudentID>996056608</StudentID>
		<Classification>Sophomore</Classification>
		<GPA>0.49</GPA>
		<MentorID>463249547</MentorID>
		<CreditHours>48</CreditHours>
	</Entry>
</Relation>

<Relation name="Course">
  <Columns>
    <Column name="CourseCode" type="Text" />
    <Column name="CourseName" type="Text" />
    <Column name="PreReq" type="Text" />
  </Columns>
  <Entry>
    <CourseCode>CS227</CourseCode>
    <CourseName>Introduction to C++</CourseName>
    <PreReq>None</PreReq>
  </Entry>
  <Entry>
    <CourseCode>CS228</CourseCode>
    <CourseName>Data Structures in C++</CourseName>
    <PreReq>CS227</PreReq>
  </Entry>
  <Entry>
    <CourseCode>CS309</CourseCode>
    <CourseName>Software Engineering</CourseName>
    <PreReq>CS228</PreReq>
  </Entry>
  <Entry>
    <CourseCode>CS311</CourseCode>
    <CourseName>Design and Analysis of Algorithms</CourseName>
    <PreReq>CS228</PreReq>
  </Entry>
  <Entry>
    <CourseCode>CS311</CourseCode>
    <CourseName>Design and Analysis of Algorithms</CourseName>
    <PreReq>CS330</PreReq>
  </Entry>
  <Entry>
    <CourseCode>CS321</CourseCode>
    <CourseName>Computer Architecture</CourseName>
    <PreReq>CS311</PreReq>
  </Entry>
  <Entry>
    <CourseCode>CS330</CourseCode>
    <CourseName>Discrete Mathematics</CourseName>
    <PreReq>CS228</PreReq>
  </Entry>
  <Entry>
    <CourseCode>CS331</CourseCode>
    <CourseName>Theory of Computation</CourseName>
    <PreReq>CS228</PreReq>
  </Entry>
  <Entry>
    <CourseCode>CS342</CourseCode>
    <CourseName>Programming languages</CourseName>
    <PreReq>CS228</PreReq>
  </Entry>
  <Entry>
    <CourseCode>CS352</CourseCode>
    <CourseName>Operating Systems</CourseName>
    <PreReq>CS228</PreReq>
  </Entry>
  <Entry>
    <CourseCode>CS363</CourseCode>
    <CourseName>Introduction to Database Systems</CourseName>
    <PreReq>CS311</PreReq>
  </Entry>
  <Entry>
    <CourseCode>CS461</CourseCode>
    <CourseName>Database Internals</CourseName>
    <PreReq>CS311</PreReq>
  </Entry>
  <Entry>
    <CourseCode>CS461</CourseCode>
    <CourseName>Database Internals</CourseName>
    <PreReq>CS363</PreReq>
  </Entry>
  <Entry>
    <CourseCode>CS511</CourseCode>
    <CourseName>Advanced Design and Analysis of Algorithms</CourseName>
    <PreReq>CS311</PreReq>
  </Entry>
</Relation>

<Relation name="Offering">
  <Columns>
    <Column name="CourseCode" type="Text" />
    <Column name="SectionNo" type="Integer" />
    <Column name="InstructorID" type="Text" />
  </Columns>
  <Entry>
    <CourseCode>CS227</CourseCode>
    <SectionNo>1</SectionNo>
    <InstructorID>201586985</InstructorID>
  </Entry>
  <Entry>
    <CourseCode>CS228</CourseCode>
    <SectionNo>1</SectionNo>
    <InstructorID>201586985</InstructorID>
  </Entry>
  <Entry>
    <CourseCode>CS309</CourseCode>
    <SectionNo>1</SectionNo>
    <InstructorID>386167477</InstructorID>
  </Entry>
  <Entry>
    <CourseCode>CS311</CourseCode>
    <SectionNo>1</SectionNo>
    <InstructorID>386167477</InstructorID>
  </Entry>
  <Entry>
    <CourseCode>CS311</CourseCode>
    <SectionNo>2</SectionNo>
    <InstructorID>463249547</InstructorID>
  </Entry>
  <Entry>
    <CourseCode>CS321</CourseCode>
    <SectionNo>1</SectionNo>
    <InstructorID>685744439</InstructorID>
  </Entry>
  <Entry>
    <CourseCode>CS330</CourseCode>
    <SectionNo>1</SectionNo>
    <InstructorID>696335701</InstructorID>
  </Entry>
  <Entry>
    <CourseCode>CS331</CourseCode>
    <SectionNo>2</SectionNo>
    <InstructorID>696335701</InstructorID>
  </Entry>
  <Entry>
    <CourseCode>CS342</CourseCode>
    <SectionNo>1</SectionNo>
    <InstructorID>696335701</InstructorID>
  </Entry>
  <Entry>
    <CourseCode>CS342</CourseCode>
    <SectionNo>2</SectionNo>
    <InstructorID>836826630</InstructorID>
  </Entry>
  <Entry>
    <CourseCode>CS352</CourseCode>
    <SectionNo>1</SectionNo>
    <InstructorID>836826630</InstructorID>
  </Entry>
  <Entry>
    <CourseCode>CS352</CourseCode>
    <SectionNo>2</SectionNo>
    <InstructorID>961874958</InstructorID>
  </Entry>
  <Entry>
    <CourseCode>CS363</CourseCode>
    <SectionNo>2</SectionNo>
    <InstructorID>961874958</InstructorID>
  </Entry>
  <Entry>
    <CourseCode>CS461</CourseCode>
    <SectionNo>2</SectionNo>
    <InstructorID>997111094</InstructorID>
  </Entry>
  <Entry>
    <CourseCode>CS511</CourseCode>
    <SectionNo>2</SectionNo>
    <InstructorID>997111094</InstructorID>
  </Entry>
</Relation>

<Relation name="Enrollment">
  <Columns>
    <Column name="CourseCode" type="Text" />
    <Column name="SectionNo" type="Integer" />
    <Column name="StudentID" type="Text" />
    <Column name="Grade" type="Text" />
  </Columns>
  <Entry>
    <CourseCode>CS227</CourseCode>
    <SectionNo>1</SectionNo>
    <StudentID>170815037</StudentID>
    <Grade>C</Grade>
  </Entry>
  <Entry>
    <CourseCode>CS227</CourseCode>
    <SectionNo>1</SectionNo>
    <StudentID>191083779</StudentID>
    <Grade>A-</Grade>
  </Entry>
  <Entry>
    <CourseCode>CS227</CourseCode>
    <SectionNo>1</SectionNo>
    <StudentID>224620876</StudentID>
    <Grade>C-</Grade>
  </Entry>
  <Entry>
    <CourseCode>CS227</CourseCode>
    <SectionNo>1</SectionNo>
    <StudentID>261812056</StudentID>
    <Grade>C</Grade>
  </Entry>
  <Entry>
    <CourseCode>CS227</CourseCode>
    <SectionNo>1</SectionNo>
    <StudentID>271978135</StudentID>
    <Grade>A</Grade>
  </Entry>
  <Entry>
    <CourseCode>CS227</CourseCode>
    <SectionNo>1</SectionNo>
    <StudentID>290986112</StudentID>
    <Grade>C-</Grade>
  </Entry>
  <Entry>
    <CourseCode>CS227</CourseCode>
    <SectionNo>1</SectionNo>
    <StudentID>363200537</StudentID>
    <Grade>B-</Grade>
  </Entry>
  <Entry>
    <CourseCode>CS227</CourseCode>
    <SectionNo>1</SectionNo>
    <StudentID>432180765</StudentID>
    <Grade>B</Grade>
  </Entry>
  <Entry>
    <CourseCode>CS227</CourseCode>
    <SectionNo>1</SectionNo>
    <StudentID>495490053</StudentID>
    <Grade>C+</Grade>
  </Entry>
  <Entry>
    <CourseCode>CS227</CourseCode>
    <SectionNo>1</SectionNo>
    <StudentID>587735656</StudentID>
    <Grade>B-</Grade>
  </Entry>
  <Entry>
    <CourseCode>CS227</CourseCode>
    <SectionNo>1</SectionNo>
    <StudentID>590987789</StudentID>
    <Grade>D</Grade>
  </Entry>
  <Entry>
    <CourseCode>CS227</CourseCode>
    <SectionNo>1</SectionNo>
    <StudentID>712952591</StudentID>
    <Grade>C-</Grade>
  </Entry>
  <Entry>
    <CourseCode>CS227</CourseCode>
    <SectionNo>1</SectionNo>
    <StudentID>785103478</StudentID>
    <Grade>A</Grade>
  </Entry>
  <Entry>
    <CourseCode>CS227</CourseCode>
    <SectionNo>1</SectionNo>
    <StudentID>785811329</StudentID>
    <Grade>B</Grade>
  </Entry>
  <Entry>
    <CourseCode>CS227</CourseCode>
    <SectionNo>1</SectionNo>
    <StudentID>801166066</StudentID>
    <Grade>A-</Grade>
  </Entry>
  <Entry>
    <CourseCode>CS227</CourseCode>
    <SectionNo>1</SectionNo>
    <StudentID>907425648</StudentID>
    <Grade>C</Grade>
  </Entry>
  <Entry>
    <CourseCode>CS227</CourseCode>
    <SectionNo>1</SectionNo>
    <StudentID>916916939</StudentID>
    <Grade>C-</Grade>
  </Entry>
  <Entry>
    <CourseCode>CS227</CourseCode>
    <SectionNo>1</SectionNo>
    <StudentID>163728111</StudentID>
    <Grade>D+</Grade>
  </Entry>
  <Entry>
    <CourseCode>CS227</CourseCode>
    <SectionNo>1</SectionNo>
    <StudentID>164500920</StudentID>
    <Grade>B</Grade>
  </Entry>
  <Entry>
    <CourseCode>CS227</CourseCode>
    <SectionNo>1</SectionNo>
    <StudentID>332012037</StudentID>
    <Grade>B-</Grade>
  </Entry>
  <Entry>
    <CourseCode>CS227</CourseCode>
    <SectionNo>1</SectionNo>
    <StudentID>504013895</StudentID>
    <Grade>B-</Grade>
  </Entry>
  <Entry>
    <CourseCode>CS227</CourseCode>
    <SectionNo>1</SectionNo>
    <StudentID>513110141</StudentID>
    <Grade>D</Grade>
  </Entry>
  <Entry>
    <CourseCode>CS227</CourseCode>
    <SectionNo>1</SectionNo>
    <StudentID>513729696</StudentID>
    <Grade>B</Grade>
  </Entry>
  <Entry>
    <CourseCode>CS227</CourseCode>
    <SectionNo>1</SectionNo>
    <StudentID>636596145</StudentID>
    <Grade>C</Grade>
  </Entry>
  <Entry>
    <CourseCode>CS227</CourseCode>
    <SectionNo>1</SectionNo>
    <StudentID>664353912</StudentID>
    <Grade>A</Grade>
  </Entry>
  <Entry>
    <CourseCode>CS227</CourseCode>
    <SectionNo>1</SectionNo>
    <StudentID>743991555</StudentID>
    <Grade>C+</Grade>
  </Entry>
  <Entry>
    <CourseCode>CS227</CourseCode>
    <SectionNo>1</SectionNo>
    <StudentID>774885901</StudentID>
    <Grade>B</Grade>
  </Entry>
  <Entry>
    <CourseCode>CS227</CourseCode>
    <SectionNo>1</SectionNo>
    <StudentID>803024290</StudentID>
    <Grade>A</Grade>
  </Entry>
  <Entry>
    <CourseCode>CS227</CourseCode>
    <SectionNo>1</SectionNo>
    <StudentID>867910658</StudentID>
    <Grade>A</Grade>
  </Entry>
  <Entry>
    <CourseCode>CS228</CourseCode>
    <SectionNo>1</SectionNo>
    <StudentID>163728111</StudentID>
    <Grade>C+</Grade>
  </Entry>
  <Entry>
    <CourseCode>CS228</CourseCode>
    <SectionNo>1</SectionNo>
    <StudentID>164776911</StudentID>
    <Grade>C+</Grade>
  </Entry>
  <Entry>
    <CourseCode>CS228</CourseCode>
    <SectionNo>1</SectionNo>
    <StudentID>191083779</StudentID>
    <Grade>B-</Grade>
  </Entry>
  <Entry>
    <CourseCode>CS228</CourseCode>
    <SectionNo>1</SectionNo>
    <StudentID>261812056</StudentID>
    <Grade>B</Grade>
  </Entry>
  <Entry>
    <CourseCode>CS228</CourseCode>
    <SectionNo>1</SectionNo>
    <StudentID>296669559</StudentID>
    <Grade>A-</Grade>
  </Entry>
  <Entry>
    <CourseCode>CS228</CourseCode>
    <SectionNo>1</SectionNo>
    <StudentID>315967897</StudentID>
    <Grade>B-</Grade>
  </Entry>
  <Entry>
    <CourseCode>CS228</CourseCode>
    <SectionNo>1</SectionNo>
    <StudentID>365774792</StudentID>
    <Grade>B-</Grade>
  </Entry>
  <Entry>
    <CourseCode>CS228</CourseCode>
    <SectionNo>1</SectionNo>
    <StudentID>387215322</StudentID>
    <Grade>C</Grade>
  </Entry>
  <Entry>
    <CourseCode>CS228</CourseCode>
    <SectionNo>1</SectionNo>
    <StudentID>409508678</StudentID>
    <Grade>A-</Grade>
  </Entry>
  <Entry>
    <CourseCode>CS228</CourseCode>
    <SectionNo>1</SectionNo>
    <StudentID>466094162</StudentID>
    <Grade>A</Grade>
  </Entry>
  <Entry>
    <CourseCode>CS228</CourseCode>
    <SectionNo>1</SectionNo>
    <StudentID>485619193</StudentID>
    <Grade>C</Grade>
  </Entry>
  <Entry>
    <CourseCode>CS228</CourseCode>
    <SectionNo>1</SectionNo>
    <StudentID>636596145</StudentID>
    <Grade>C-</Grade>
  </Entry>
  <Entry>
    <CourseCode>CS228</CourseCode>
    <SectionNo>1</SectionNo>
    <StudentID>722131306</StudentID>
    <Grade>D+</Grade>
  </Entry>
  <Entry>
    <CourseCode>CS228</CourseCode>
    <SectionNo>1</SectionNo>
    <StudentID>785811329</StudentID>
    <Grade>B</Grade>
  </Entry>
  <Entry>
    <CourseCode>CS228</CourseCode>
    <SectionNo>1</SectionNo>
    <StudentID>876550324</StudentID>
    <Grade>B-</Grade>
  </Entry>
  <Entry>
    <CourseCode>CS228</CourseCode>
    <SectionNo>1</SectionNo>
    <StudentID>905922853</StudentID>
    <Grade>A-</Grade>
  </Entry>
  <Entry>
    <CourseCode>CS228</CourseCode>
    <SectionNo>1</SectionNo>
    <StudentID>907425648</StudentID>
    <Grade>C+</Grade>
  </Entry>
  <Entry>
    <CourseCode>CS228</CourseCode>
    <SectionNo>1</SectionNo>
    <StudentID>973071948</StudentID>
    <Grade>A-</Grade>
  </Entry>
  <Entry>
    <CourseCode>CS228</CourseCode>
    <SectionNo>1</SectionNo>
    <StudentID>980102825</StudentID>
    <Grade>D+</Grade>
  </Entry>
  <Entry>
    <CourseCode>CS228</CourseCode>
    <SectionNo>1</SectionNo>
    <StudentID>985954783</StudentID>
    <Grade>C+</Grade>
  </Entry>
  <Entry>
    <CourseCode>CS228</CourseCode>
    <SectionNo>1</SectionNo>
    <StudentID>164500920</StudentID>
    <Grade>D</Grade>
  </Entry>
  <Entry>
    <CourseCode>CS228</CourseCode>
    <SectionNo>1</SectionNo>
    <StudentID>224620876</StudentID>
    <Grade>C</Grade>
  </Entry>
  <Entry>
    <CourseCode>CS228</CourseCode>
    <SectionNo>1</SectionNo>
    <StudentID>232820149</StudentID>
    <Grade>C-</Grade>
  </Entry>
  <Entry>
    <CourseCode>CS228</CourseCode>
    <SectionNo>1</SectionNo>
    <StudentID>419180204</StudentID>
    <Grade>A</Grade>
  </Entry>
  <Entry>
    <CourseCode>CS228</CourseCode>
    <SectionNo>1</SectionNo>
    <StudentID>490649143</StudentID>
    <Grade>B</Grade>
  </Entry>
  <Entry>
    <CourseCode>CS228</CourseCode>
    <SectionNo>1</SectionNo>
    <StudentID>513729696</StudentID>
    <Grade>B</Grade>
  </Entry>
  <Entry>
    <CourseCode>CS228</CourseCode>
    <SectionNo>1</SectionNo>
    <StudentID>587735656</StudentID>
    <Grade>C</Grade>
  </Entry>
  <Entry>
    <CourseCode>CS228</CourseCode>
    <SectionNo>1</SectionNo>
    <StudentID>787422802</StudentID>
    <Grade>C+</Grade>
  </Entry>
  <Entry>
    <CourseCode>CS228</CourseCode>
    <SectionNo>1</SectionNo>
    <StudentID>831142613</StudentID>
    <Grade>B</Grade>
  </Entry>
  <Entry>
    <CourseCode>CS228</CourseCode>
    <SectionNo>1</SectionNo>
    <StudentID>895255243</StudentID>
    <Grade>A-</Grade>
  </Entry>
  <Entry>
    <CourseCode>CS228</CourseCode>
    <SectionNo>1</SectionNo>
    <StudentID>965882492</StudentID>
    <Grade>C</Grade>
  </Entry>
  <Entry>
    <CourseCode>CS309</CourseCode>
    <SectionNo>1</SectionNo>
    <StudentID>131838016</StudentID>
    <Grade>B</Grade>
  </Entry>
  <Entry>
    <CourseCode>CS309</CourseCode>
    <SectionNo>1</SectionNo>
    <StudentID>143293833</StudentID>
    <Grade>B+</Grade>
  </Entry>
  <Entry>
    <CourseCode>CS309</CourseCode>
    <SectionNo>1</SectionNo>
    <StudentID>232820149</StudentID>
    <Grade>C-</Grade>
  </Entry>
  <Entry>
    <CourseCode>CS309</CourseCode>
    <SectionNo>1</SectionNo>
    <StudentID>271978135</StudentID>
    <Grade>D+</Grade>
  </Entry>
  <Entry>
    <CourseCode>CS309</CourseCode>
    <SectionNo>1</SectionNo>
    <StudentID>279702622</StudentID>
    <Grade>A-</Grade>
  </Entry>
  <Entry>
    <CourseCode>CS309</CourseCode>
    <SectionNo>1</SectionNo>
    <StudentID>328718420</StudentID>
    <Grade>B-</Grade>
  </Entry>
  <Entry>
    <CourseCode>CS309</CourseCode>
    <SectionNo>1</SectionNo>
    <StudentID>332012037</StudentID>
    <Grade>C</Grade>
  </Entry>
  <Entry>
    <CourseCode>CS309</CourseCode>
    <SectionNo>1</SectionNo>
    <StudentID>483727101</StudentID>
    <Grade>C</Grade>
  </Entry>
  <Entry>
    <CourseCode>CS309</CourseCode>
    <SectionNo>1</SectionNo>
    <StudentID>590987789</StudentID>
    <Grade>A-</Grade>
  </Entry>
  <Entry>
    <CourseCode>CS309</CourseCode>
    <SectionNo>1</SectionNo>
    <StudentID>664353912</StudentID>
    <Grade>B+</Grade>
  </Entry>
  <Entry>
    <CourseCode>CS309</CourseCode>
    <SectionNo>1</SectionNo>
    <StudentID>712952591</StudentID>
    <Grade>D+</Grade>
  </Entry>
  <Entry>
    <CourseCode>CS309</CourseCode>
    <SectionNo>1</SectionNo>
    <StudentID>737972250</StudentID>
    <Grade>A-</Grade>
  </Entry>
  <Entry>
    <CourseCode>CS309</CourseCode>
    <SectionNo>1</SectionNo>
    <StudentID>750913239</StudentID>
    <Grade>A-</Grade>
  </Entry>
  <Entry>
    <CourseCode>CS309</CourseCode>
    <SectionNo>1</SectionNo>
    <StudentID>785273479</StudentID>
    <Grade>D</Grade>
  </Entry>
  <Entry>
    <CourseCode>CS309</CourseCode>
    <SectionNo>1</SectionNo>
    <StudentID>831142613</StudentID>
    <Grade>B-</Grade>
  </Entry>
  <Entry>
    <CourseCode>CS309</CourseCode>
    <SectionNo>1</SectionNo>
    <StudentID>895255243</StudentID>
    <Grade>C-</Grade>
  </Entry>
  <Entry>
    <CourseCode>CS309</CourseCode>
    <SectionNo>1</SectionNo>
    <StudentID>905922853</StudentID>
    <Grade>C+</Grade>
  </Entry>
  <Entry>
    <CourseCode>CS309</CourseCode>
    <SectionNo>1</SectionNo>
    <StudentID>185141262</StudentID>
    <Grade>C</Grade>
  </Entry>
  <Entry>
    <CourseCode>CS309</CourseCode>
    <SectionNo>1</SectionNo>
    <StudentID>252533260</StudentID>
    <Grade>D+</Grade>
  </Entry>
  <Entry>
    <CourseCode>CS309</CourseCode>
    <SectionNo>1</SectionNo>
    <StudentID>315967897</StudentID>
    <Grade>A</Grade>
  </Entry>
  <Entry>
    <CourseCode>CS309</CourseCode>
    <SectionNo>1</SectionNo>
    <StudentID>466094162</StudentID>
    <Grade>C</Grade>
  </Entry>
  <Entry>
    <CourseCode>CS309</CourseCode>
    <SectionNo>1</SectionNo>
    <StudentID>467545237</StudentID>
    <Grade>B</Grade>
  </Entry>
  <Entry>
    <CourseCode>CS309</CourseCode>
    <SectionNo>1</SectionNo>
    <StudentID>477453864</StudentID>
    <Grade>C</Grade>
  </Entry>
  <Entry>
    <CourseCode>CS309</CourseCode>
    <SectionNo>1</SectionNo>
    <StudentID>513110141</StudentID>
    <Grade>B+</Grade>
  </Entry>
  <Entry>
    <CourseCode>CS309</CourseCode>
    <SectionNo>1</SectionNo>
    <StudentID>658579865</StudentID>
    <Grade>C+</Grade>
  </Entry>
  <Entry>
    <CourseCode>CS309</CourseCode>
    <SectionNo>1</SectionNo>
    <StudentID>785103478</StudentID>
    <Grade>C</Grade>
  </Entry>
  <Entry>
    <CourseCode>CS309</CourseCode>
    <SectionNo>1</SectionNo>
    <StudentID>793034333</StudentID>
    <Grade>C</Grade>
  </Entry>
  <Entry>
    <CourseCode>CS309</CourseCode>
    <SectionNo>1</SectionNo>
    <StudentID>812073765</StudentID>
    <Grade>B+</Grade>
  </Entry>
  <Entry>
    <CourseCode>CS309</CourseCode>
    <SectionNo>1</SectionNo>
    <StudentID>930231660</StudentID>
    <Grade>C+</Grade>
  </Entry>
  <Entry>
    <CourseCode>CS309</CourseCode>
    <SectionNo>1</SectionNo>
    <StudentID>992485307</StudentID>
    <Grade>B-</Grade>
  </Entry>
  <Entry>
    <CourseCode>CS309</CourseCode>
    <SectionNo>1</SectionNo>
    <StudentID>996056608</StudentID>
    <Grade>D+</Grade>
  </Entry>
  <Entry>
    <CourseCode>CS311</CourseCode>
    <SectionNo>1</SectionNo>
    <StudentID>164776911</StudentID>
    <Grade>D+</Grade>
  </Entry>
  <Entry>
    <CourseCode>CS311</CourseCode>
    <SectionNo>1</SectionNo>
    <StudentID>222105935</StudentID>
    <Grade>D+</Grade>
  </Entry>
  <Entry>
    <CourseCode>CS311</CourseCode>
    <SectionNo>1</SectionNo>
    <StudentID>232820149</StudentID>
    <Grade>D</Grade>
  </Entry>
  <Entry>
    <CourseCode>CS311</CourseCode>
    <SectionNo>1</SectionNo>
    <StudentID>271978135</StudentID>
    <Grade>B-</Grade>
  </Entry>
  <Entry>
    <CourseCode>CS311</CourseCode>
    <SectionNo>1</SectionNo>
    <StudentID>273277984</StudentID>
    <Grade>C</Grade>
  </Entry>
  <Entry>
    <CourseCode>CS311</CourseCode>
    <SectionNo>1</SectionNo>
    <StudentID>328718420</StudentID>
    <Grade>B-</Grade>
  </Entry>
  <Entry>
    <CourseCode>CS311</CourseCode>
    <SectionNo>1</SectionNo>
    <StudentID>363200537</StudentID>
    <Grade>A</Grade>
  </Entry>
  <Entry>
    <CourseCode>CS311</CourseCode>
    <SectionNo>1</SectionNo>
    <StudentID>387215322</StudentID>
    <Grade>B</Grade>
  </Entry>
  <Entry>
    <CourseCode>CS311</CourseCode>
    <SectionNo>1</SectionNo>
    <StudentID>466094162</StudentID>
    <Grade>B-</Grade>
  </Entry>
  <Entry>
    <CourseCode>CS311</CourseCode>
    <SectionNo>1</SectionNo>
    <StudentID>483223789</StudentID>
    <Grade>A</Grade>
  </Entry>
  <Entry>
    <CourseCode>CS311</CourseCode>
    <SectionNo>1</SectionNo>
    <StudentID>587735656</StudentID>
    <Grade>A</Grade>
  </Entry>
  <Entry>
    <CourseCode>CS311</CourseCode>
    <SectionNo>1</SectionNo>
    <StudentID>636596145</StudentID>
    <Grade>D+</Grade>
  </Entry>
  <Entry>
    <CourseCode>CS311</CourseCode>
    <SectionNo>1</SectionNo>
    <StudentID>696302689</StudentID>
    <Grade>D+</Grade>
  </Entry>
  <Entry>
    <CourseCode>CS311</CourseCode>
    <SectionNo>1</SectionNo>
    <StudentID>722131306</StudentID>
    <Grade>C+</Grade>
  </Entry>
  <Entry>
    <CourseCode>CS311</CourseCode>
    <SectionNo>1</SectionNo>
    <StudentID>812073765</StudentID>
    <Grade>B-</Grade>
  </Entry>
  <Entry>
    <CourseCode>CS311</CourseCode>
    <SectionNo>1</SectionNo>
    <StudentID>867910658</StudentID>
    <Grade>B+</Grade>
  </Entry>
  <Entry>
    <CourseCode>CS311</CourseCode>
    <SectionNo>1</SectionNo>
    <StudentID>909334701</StudentID>
    <Grade>C+</Grade>
  </Entry>
  <Entry>
    <CourseCode>CS311</CourseCode>
    <SectionNo>1</SectionNo>
    <StudentID>930231660</StudentID>
    <Grade>A-</Grade>
  </Entry>
  <Entry>
    <CourseCode>CS311</CourseCode>
    <SectionNo>1</SectionNo>
    <StudentID>973071948</StudentID>
    <Grade>C</Grade>
  </Entry>
  <Entry>
    <CourseCode>CS311</CourseCode>
    <SectionNo>2</SectionNo>
    <StudentID>131838016</StudentID>
    <Grade>A-</Grade>
  </Entry>
  <Entry>
    <CourseCode>CS311</CourseCode>
    <SectionNo>2</SectionNo>
    <StudentID>185141262</StudentID>
    <Grade>C+</Grade>
  </Entry>
  <Entry>
    <CourseCode>CS311</CourseCode>
    <SectionNo>2</SectionNo>
    <StudentID>203745018</StudentID>
    <Grade>B-</Grade>
  </Entry>
  <Entry>
    <CourseCode>CS311</CourseCode>
    <SectionNo>2</SectionNo>
    <StudentID>224620876</StudentID>
    <Grade>C-</Grade>
  </Entry>
  <Entry>
    <CourseCode>CS311</CourseCode>
    <SectionNo>2</SectionNo>
    <StudentID>290986112</StudentID>
    <Grade>B</Grade>
  </Entry>
  <Entry>
    <CourseCode>CS311</CourseCode>
    <SectionNo>2</SectionNo>
    <StudentID>296669559</StudentID>
    <Grade>C-</Grade>
  </Entry>
  <Entry>
    <CourseCode>CS311</CourseCode>
    <SectionNo>2</SectionNo>
    <StudentID>308635036</StudentID>
    <Grade>D</Grade>
  </Entry>
  <Entry>
    <CourseCode>CS311</CourseCode>
    <SectionNo>2</SectionNo>
    <StudentID>490649143</StudentID>
    <Grade>B</Grade>
  </Entry>
  <Entry>
    <CourseCode>CS311</CourseCode>
    <SectionNo>2</SectionNo>
    <StudentID>743991555</StudentID>
    <Grade>A</Grade>
  </Entry>
  <Entry>
    <CourseCode>CS311</CourseCode>
    <SectionNo>2</SectionNo>
    <StudentID>793034333</StudentID>
    <Grade>B-</Grade>
  </Entry>
  <Entry>
    <CourseCode>CS311</CourseCode>
    <SectionNo>2</SectionNo>
    <StudentID>801166066</StudentID>
    <Grade>D+</Grade>
  </Entry>
  <Entry>
    <CourseCode>CS311</CourseCode>
    <SectionNo>2</SectionNo>
    <StudentID>862952924</StudentID>
    <Grade>C</Grade>
  </Entry>
  <Entry>
    <CourseCode>CS311</CourseCode>
    <SectionNo>2</SectionNo>
    <StudentID>980102825</StudentID>
    <Grade>D</Grade>
  </Entry>
  <Entry>
    <CourseCode>CS311</CourseCode>
    <SectionNo>2</SectionNo>
    <StudentID>985954783</StudentID>
    <Grade>B-</Grade>
  </Entry>
  <Entry>
    <CourseCode>CS321</CourseCode>
    <SectionNo>1</SectionNo>
    <StudentID>118784412</StudentID>
    <Grade>C+</Grade>
  </Entry>
  <Entry>
    <CourseCode>CS321</CourseCode>
    <SectionNo>1</SectionNo>
    <StudentID>124208644</StudentID>
    <Grade>C+</Grade>
  </Entry>
  <Entry>
    <CourseCode>CS321</CourseCode>
    <SectionNo>1</SectionNo>
    <StudentID>131838016</StudentID>
    <Grade>D</Grade>
  </Entry>
  <Entry>
    <CourseCode>CS321</CourseCode>
    <SectionNo>1</SectionNo>
    <StudentID>191083779</StudentID>
    <Grade>B</Grade>
  </Entry>
  <Entry>
    <CourseCode>CS321</CourseCode>
    <SectionNo>1</SectionNo>
    <StudentID>222105935</StudentID>
    <Grade>B+</Grade>
  </Entry>
  <Entry>
    <CourseCode>CS321</CourseCode>
    <SectionNo>1</SectionNo>
    <StudentID>273277984</StudentID>
    <Grade>B+</Grade>
  </Entry>
  <Entry>
    <CourseCode>CS321</CourseCode>
    <SectionNo>1</SectionNo>
    <StudentID>285719425</StudentID>
    <Grade>B-</Grade>
  </Entry>
  <Entry>
    <CourseCode>CS321</CourseCode>
    <SectionNo>1</SectionNo>
    <StudentID>308635036</StudentID>
    <Grade>B-</Grade>
  </Entry>
  <Entry>
    <CourseCode>CS321</CourseCode>
    <SectionNo>1</SectionNo>
    <StudentID>328718420</StudentID>
    <Grade>C</Grade>
  </Entry>
  <Entry>
    <CourseCode>CS321</CourseCode>
    <SectionNo>1</SectionNo>
    <StudentID>363200537</StudentID>
    <Grade>A</Grade>
  </Entry>
  <Entry>
    <CourseCode>CS321</CourseCode>
    <SectionNo>1</SectionNo>
    <StudentID>387215322</StudentID>
    <Grade>D+</Grade>
  </Entry>
  <Entry>
    <CourseCode>CS321</CourseCode>
    <SectionNo>1</SectionNo>
    <StudentID>466094162</StudentID>
    <Grade>C</Grade>
  </Entry>
  <Entry>
    <CourseCode>CS321</CourseCode>
    <SectionNo>1</SectionNo>
    <StudentID>513729696</StudentID>
    <Grade>A</Grade>
  </Entry>
  <Entry>
    <CourseCode>CS321</CourseCode>
    <SectionNo>1</SectionNo>
    <StudentID>658579865</StudentID>
    <Grade>D</Grade>
  </Entry>
  <Entry>
    <CourseCode>CS321</CourseCode>
    <SectionNo>1</SectionNo>
    <StudentID>696302689</StudentID>
    <Grade>D</Grade>
  </Entry>
  <Entry>
    <CourseCode>CS321</CourseCode>
    <SectionNo>1</SectionNo>
    <StudentID>787422802</StudentID>
    <Grade>D</Grade>
  </Entry>
  <Entry>
    <CourseCode>CS321</CourseCode>
    <SectionNo>1</SectionNo>
    <StudentID>803024290</StudentID>
    <Grade>D</Grade>
  </Entry>
  <Entry>
    <CourseCode>CS321</CourseCode>
    <SectionNo>1</SectionNo>
    <StudentID>845037919</StudentID>
    <Grade>A-</Grade>
  </Entry>
  <Entry>
    <CourseCode>CS321</CourseCode>
    <SectionNo>1</SectionNo>
    <StudentID>885469446</StudentID>
    <Grade>A-</Grade>
  </Entry>
  <Entry>
    <CourseCode>CS321</CourseCode>
    <SectionNo>1</SectionNo>
    <StudentID>916916939</StudentID>
    <Grade>B</Grade>
  </Entry>
  <Entry>
    <CourseCode>CS321</CourseCode>
    <SectionNo>1</SectionNo>
    <StudentID>952145559</StudentID>
    <Grade>A</Grade>
  </Entry>
  <Entry>
    <CourseCode>CS321</CourseCode>
    <SectionNo>1</SectionNo>
    <StudentID>985954783</StudentID>
    <Grade>A-</Grade>
  </Entry>
  <Entry>
    <CourseCode>CS321</CourseCode>
    <SectionNo>1</SectionNo>
    <StudentID>164776911</StudentID>
    <Grade>B</Grade>
  </Entry>
  <Entry>
    <CourseCode>CS321</CourseCode>
    <SectionNo>1</SectionNo>
    <StudentID>185141262</StudentID>
    <Grade>B</Grade>
  </Entry>
  <Entry>
    <CourseCode>CS321</CourseCode>
    <SectionNo>1</SectionNo>
    <StudentID>252533260</StudentID>
    <Grade>B</Grade>
  </Entry>
  <Entry>
    <CourseCode>CS321</CourseCode>
    <SectionNo>1</SectionNo>
    <StudentID>391910519</StudentID>
    <Grade>D+</Grade>
  </Entry>
  <Entry>
    <CourseCode>CS321</CourseCode>
    <SectionNo>1</SectionNo>
    <StudentID>409508678</StudentID>
    <Grade>A</Grade>
  </Entry>
  <Entry>
    <CourseCode>CS321</CourseCode>
    <SectionNo>1</SectionNo>
    <StudentID>432180765</StudentID>
    <Grade>B+</Grade>
  </Entry>
  <Entry>
    <CourseCode>CS321</CourseCode>
    <SectionNo>1</SectionNo>
    <StudentID>636596145</StudentID>
    <Grade>D</Grade>
  </Entry>
  <Entry>
    <CourseCode>CS321</CourseCode>
    <SectionNo>1</SectionNo>
    <StudentID>793034333</StudentID>
    <Grade>D</Grade>
  </Entry>
  <Entry>
    <CourseCode>CS321</CourseCode>
    <SectionNo>1</SectionNo>
    <StudentID>812073765</StudentID>
    <Grade>D+</Grade>
  </Entry>
  <Entry>
    <CourseCode>CS321</CourseCode>
    <SectionNo>1</SectionNo>
    <StudentID>867910658</StudentID>
    <Grade>A</Grade>
  </Entry>
  <Entry>
    <CourseCode>CS321</CourseCode>
    <SectionNo>1</SectionNo>
    <StudentID>930231660</StudentID>
    <Grade>B</Grade>
  </Entry>
  <Entry>
    <CourseCode>CS321</CourseCode>
    <SectionNo>1</SectionNo>
    <StudentID>973071948</StudentID>
    <Grade>D</Grade>
  </Entry>
  <Entry>
    <CourseCode>CS330</CourseCode>
    <SectionNo>1</SectionNo>
    <StudentID>143293833</StudentID>
    <Grade>D</Grade>
  </Entry>
  <Entry>
    <CourseCode>CS330</CourseCode>
    <SectionNo>1</SectionNo>
    <StudentID>222105935</StudentID>
    <Grade>C</Grade>
  </Entry>
  <Entry>
    <CourseCode>CS330</CourseCode>
    <SectionNo>1</SectionNo>
    <StudentID>224620876</StudentID>
    <Grade>C-</Grade>
  </Entry>
  <Entry>
    <CourseCode>CS330</CourseCode>
    <SectionNo>1</SectionNo>
    <StudentID>262891588</StudentID>
    <Grade>B+</Grade>
  </Entry>
  <Entry>
    <CourseCode>CS330</CourseCode>
    <SectionNo>1</SectionNo>
    <StudentID>271978135</StudentID>
    <Grade>C</Grade>
  </Entry>
  <Entry>
    <CourseCode>CS330</CourseCode>
    <SectionNo>1</SectionNo>
    <StudentID>328718420</StudentID>
    <Grade>C+</Grade>
  </Entry>
  <Entry>
    <CourseCode>CS330</CourseCode>
    <SectionNo>1</SectionNo>
    <StudentID>382109560</StudentID>
    <Grade>D</Grade>
  </Entry>
  <Entry>
    <CourseCode>CS330</CourseCode>
    <SectionNo>1</SectionNo>
    <StudentID>387215322</StudentID>
    <Grade>A-</Grade>
  </Entry>
  <Entry>
    <CourseCode>CS330</CourseCode>
    <SectionNo>1</SectionNo>
    <StudentID>391910519</StudentID>
    <Grade>C+</Grade>
  </Entry>
  <Entry>
    <CourseCode>CS330</CourseCode>
    <SectionNo>1</SectionNo>
    <StudentID>406746417</StudentID>
    <Grade>D</Grade>
  </Entry>
  <Entry>
    <CourseCode>CS330</CourseCode>
    <SectionNo>1</SectionNo>
    <StudentID>490649143</StudentID>
    <Grade>A</Grade>
  </Entry>
  <Entry>
    <CourseCode>CS330</CourseCode>
    <SectionNo>1</SectionNo>
    <StudentID>601496044</StudentID>
    <Grade>B+</Grade>
  </Entry>
  <Entry>
    <CourseCode>CS330</CourseCode>
    <SectionNo>1</SectionNo>
    <StudentID>712524758</StudentID>
    <Grade>C</Grade>
  </Entry>
  <Entry>
    <CourseCode>CS330</CourseCode>
    <SectionNo>1</SectionNo>
    <StudentID>787422802</StudentID>
    <Grade>B</Grade>
  </Entry>
  <Entry>
    <CourseCode>CS330</CourseCode>
    <SectionNo>1</SectionNo>
    <StudentID>850631208</StudentID>
    <Grade>C</Grade>
  </Entry>
  <Entry>
    <CourseCode>CS330</CourseCode>
    <SectionNo>1</SectionNo>
    <StudentID>885469446</StudentID>
    <Grade>A-</Grade>
  </Entry>
  <Entry>
    <CourseCode>CS330</CourseCode>
    <SectionNo>1</SectionNo>
    <StudentID>901511548</StudentID>
    <Grade>A-</Grade>
  </Entry>
  <Entry>
    <CourseCode>CS330</CourseCode>
    <SectionNo>1</SectionNo>
    <StudentID>905922853</StudentID>
    <Grade>A</Grade>
  </Entry>
  <Entry>
    <CourseCode>CS330</CourseCode>
    <SectionNo>1</SectionNo>
    <StudentID>965882492</StudentID>
    <Grade>A</Grade>
  </Entry>
  <Entry>
    <CourseCode>CS330</CourseCode>
    <SectionNo>1</SectionNo>
    <StudentID>973071948</StudentID>
    <Grade>A</Grade>
  </Entry>
  <Entry>
    <CourseCode>CS330</CourseCode>
    <SectionNo>1</SectionNo>
    <StudentID>985954783</StudentID>
    <Grade>D</Grade>
  </Entry>
  <Entry>
    <CourseCode>CS330</CourseCode>
    <SectionNo>1</SectionNo>
    <StudentID>170815037</StudentID>
    <Grade>D</Grade>
  </Entry>
  <Entry>
    <CourseCode>CS330</CourseCode>
    <SectionNo>1</SectionNo>
    <StudentID>203745018</StudentID>
    <Grade>A-</Grade>
  </Entry>
  <Entry>
    <CourseCode>CS330</CourseCode>
    <SectionNo>1</SectionNo>
    <StudentID>260369148</StudentID>
    <Grade>D+</Grade>
  </Entry>
  <Entry>
    <CourseCode>CS330</CourseCode>
    <SectionNo>1</SectionNo>
    <StudentID>261812056</StudentID>
    <Grade>A</Grade>
  </Entry>
  <Entry>
    <CourseCode>CS330</CourseCode>
    <SectionNo>1</SectionNo>
    <StudentID>279702622</StudentID>
    <Grade>A</Grade>
  </Entry>
  <Entry>
    <CourseCode>CS330</CourseCode>
    <SectionNo>1</SectionNo>
    <StudentID>363200537</StudentID>
    <Grade>D+</Grade>
  </Entry>
  <Entry>
    <CourseCode>CS330</CourseCode>
    <SectionNo>1</SectionNo>
    <StudentID>419180204</StudentID>
    <Grade>D</Grade>
  </Entry>
  <Entry>
    <CourseCode>CS330</CourseCode>
    <SectionNo>1</SectionNo>
    <StudentID>500094214</StudentID>
    <Grade>C+</Grade>
  </Entry>
  <Entry>
    <CourseCode>CS330</CourseCode>
    <SectionNo>1</SectionNo>
    <StudentID>504013895</StudentID>
    <Grade>C+</Grade>
  </Entry>
  <Entry>
    <CourseCode>CS330</CourseCode>
    <SectionNo>1</SectionNo>
    <StudentID>513729696</StudentID>
    <Grade>C+</Grade>
  </Entry>
  <Entry>
    <CourseCode>CS330</CourseCode>
    <SectionNo>1</SectionNo>
    <StudentID>743991555</StudentID>
    <Grade>B-</Grade>
  </Entry>
  <Entry>
    <CourseCode>CS330</CourseCode>
    <SectionNo>1</SectionNo>
    <StudentID>909334701</StudentID>
    <Grade>A</Grade>
  </Entry>
  <Entry>
    <CourseCode>CS330</CourseCode>
    <SectionNo>1</SectionNo>
    <StudentID>930231660</StudentID>
    <Grade>C</Grade>
  </Entry>
  <Entry>
    <CourseCode>CS331</CourseCode>
    <SectionNo>2</SectionNo>
    <StudentID>170815037</StudentID>
    <Grade>D</Grade>
  </Entry>
  <Entry>
    <CourseCode>CS331</CourseCode>
    <SectionNo>2</SectionNo>
    <StudentID>224620876</StudentID>
    <Grade>A</Grade>
  </Entry>
  <Entry>
    <CourseCode>CS331</CourseCode>
    <SectionNo>2</SectionNo>
    <StudentID>232820149</StudentID>
    <Grade>D+</Grade>
  </Entry>
  <Entry>
    <CourseCode>CS331</CourseCode>
    <SectionNo>2</SectionNo>
    <StudentID>315967897</StudentID>
    <Grade>C+</Grade>
  </Entry>
  <Entry>
    <CourseCode>CS331</CourseCode>
    <SectionNo>2</SectionNo>
    <StudentID>467545237</StudentID>
    <Grade>D</Grade>
  </Entry>
  <Entry>
    <CourseCode>CS331</CourseCode>
    <SectionNo>2</SectionNo>
    <StudentID>483223789</StudentID>
    <Grade>C-</Grade>
  </Entry>
  <Entry>
    <CourseCode>CS331</CourseCode>
    <SectionNo>2</SectionNo>
    <StudentID>483727101</StudentID>
    <Grade>A-</Grade>
  </Entry>
  <Entry>
    <CourseCode>CS331</CourseCode>
    <SectionNo>2</SectionNo>
    <StudentID>696302689</StudentID>
    <Grade>B</Grade>
  </Entry>
  <Entry>
    <CourseCode>CS331</CourseCode>
    <SectionNo>2</SectionNo>
    <StudentID>801166066</StudentID>
    <Grade>C</Grade>
  </Entry>
  <Entry>
    <CourseCode>CS331</CourseCode>
    <SectionNo>2</SectionNo>
    <StudentID>956234659</StudentID>
    <Grade>B-</Grade>
  </Entry>
  <Entry>
    <CourseCode>CS331</CourseCode>
    <SectionNo>2</SectionNo>
    <StudentID>271978135</StudentID>
    <Grade>D</Grade>
  </Entry>
  <Entry>
    <CourseCode>CS331</CourseCode>
    <SectionNo>2</SectionNo>
    <StudentID>332012037</StudentID>
    <Grade>B-</Grade>
  </Entry>
  <Entry>
    <CourseCode>CS331</CourseCode>
    <SectionNo>2</SectionNo>
    <StudentID>363200537</StudentID>
    <Grade>B-</Grade>
  </Entry>
  <Entry>
    <CourseCode>CS331</CourseCode>
    <SectionNo>2</SectionNo>
    <StudentID>495490053</StudentID>
    <Grade>B-</Grade>
  </Entry>
  <Entry>
    <CourseCode>CS331</CourseCode>
    <SectionNo>2</SectionNo>
    <StudentID>550658107</StudentID>
    <Grade>D+</Grade>
  </Entry>
  <Entry>
    <CourseCode>CS331</CourseCode>
    <SectionNo>2</SectionNo>
    <StudentID>636596145</StudentID>
    <Grade>D+</Grade>
  </Entry>
  <Entry>
    <CourseCode>CS331</CourseCode>
    <SectionNo>2</SectionNo>
    <StudentID>664353912</StudentID>
    <Grade>A</Grade>
  </Entry>
  <Entry>
    <CourseCode>CS331</CourseCode>
    <SectionNo>2</SectionNo>
    <StudentID>909334701</StudentID>
    <Grade>C</Grade>
  </Entry>
  <Entry>
    <CourseCode>CS342</CourseCode>
    <SectionNo>1</SectionNo>
    <StudentID>118784412</StudentID>
    <Grade>A</Grade>
  </Entry>
  <Entry>
    <CourseCode>CS342</CourseCode>
    <SectionNo>1</SectionNo>
    <StudentID>163728111</StudentID>
    <Grade>B+</Grade>
  </Entry>
  <Entry>
    <CourseCode>CS342</CourseCode>
    <SectionNo>1</SectionNo>
    <StudentID>203745018</StudentID>
    <Grade>B</Grade>
  </Entry>
  <Entry>
    <CourseCode>CS342</CourseCode>
    <SectionNo>1</SectionNo>
    <StudentID>222105935</StudentID>
    <Grade>B</Grade>
  </Entry>
  <Entry>
    <CourseCode>CS342</CourseCode>
    <SectionNo>1</SectionNo>
    <StudentID>252533260</StudentID>
    <Grade>B-</Grade>
  </Entry>
  <Entry>
    <CourseCode>CS342</CourseCode>
    <SectionNo>1</SectionNo>
    <StudentID>290986112</StudentID>
    <Grade>B</Grade>
  </Entry>
  <Entry>
    <CourseCode>CS342</CourseCode>
    <SectionNo>1</SectionNo>
    <StudentID>328718420</StudentID>
    <Grade>B+</Grade>
  </Entry>
  <Entry>
    <CourseCode>CS342</CourseCode>
    <SectionNo>1</SectionNo>
    <StudentID>332012037</StudentID>
    <Grade>C</Grade>
  </Entry>
  <Entry>
    <CourseCode>CS342</CourseCode>
    <SectionNo>1</SectionNo>
    <StudentID>382109560</StudentID>
    <Grade>A</Grade>
  </Entry>
  <Entry>
    <CourseCode>CS342</CourseCode>
    <SectionNo>1</SectionNo>
    <StudentID>391910519</StudentID>
    <Grade>B-</Grade>
  </Entry>
  <Entry>
    <CourseCode>CS342</CourseCode>
    <SectionNo>1</SectionNo>
    <StudentID>490649143</StudentID>
    <Grade>B+</Grade>
  </Entry>
  <Entry>
    <CourseCode>CS342</CourseCode>
    <SectionNo>1</SectionNo>
    <StudentID>500094214</StudentID>
    <Grade>C+</Grade>
  </Entry>
  <Entry>
    <CourseCode>CS342</CourseCode>
    <SectionNo>1</SectionNo>
    <StudentID>501674545</StudentID>
    <Grade>B+</Grade>
  </Entry>
  <Entry>
    <CourseCode>CS342</CourseCode>
    <SectionNo>1</SectionNo>
    <StudentID>587735656</StudentID>
    <Grade>D+</Grade>
  </Entry>
  <Entry>
    <CourseCode>CS342</CourseCode>
    <SectionNo>1</SectionNo>
    <StudentID>644488789</StudentID>
    <Grade>A-</Grade>
  </Entry>
  <Entry>
    <CourseCode>CS342</CourseCode>
    <SectionNo>1</SectionNo>
    <StudentID>785811329</StudentID>
    <Grade>B</Grade>
  </Entry>
  <Entry>
    <CourseCode>CS342</CourseCode>
    <SectionNo>1</SectionNo>
    <StudentID>867910658</StudentID>
    <Grade>B</Grade>
  </Entry>
  <Entry>
    <CourseCode>CS342</CourseCode>
    <SectionNo>1</SectionNo>
    <StudentID>895255243</StudentID>
    <Grade>B</Grade>
  </Entry>
  <Entry>
    <CourseCode>CS342</CourseCode>
    <SectionNo>1</SectionNo>
    <StudentID>905922853</StudentID>
    <Grade>B</Grade>
  </Entry>
  <Entry>
    <CourseCode>CS342</CourseCode>
    <SectionNo>1</SectionNo>
    <StudentID>907425648</StudentID>
    <Grade>C</Grade>
  </Entry>
  <Entry>
    <CourseCode>CS342</CourseCode>
    <SectionNo>1</SectionNo>
    <StudentID>909334701</StudentID>
    <Grade>C-</Grade>
  </Entry>
  <Entry>
    <CourseCode>CS342</CourseCode>
    <SectionNo>1</SectionNo>
    <StudentID>980102825</StudentID>
    <Grade>C</Grade>
  </Entry>
  <Entry>
    <CourseCode>CS342</CourseCode>
    <SectionNo>2</SectionNo>
    <StudentID>143293833</StudentID>
    <Grade>C-</Grade>
  </Entry>
  <Entry>
    <CourseCode>CS342</CourseCode>
    <SectionNo>2</SectionNo>
    <StudentID>191083779</StudentID>
    <Grade>A-</Grade>
  </Entry>
  <Entry>
    <CourseCode>CS342</CourseCode>
    <SectionNo>2</SectionNo>
    <StudentID>261812056</StudentID>
    <Grade>C-</Grade>
  </Entry>
  <Entry>
    <CourseCode>CS342</CourseCode>
    <SectionNo>2</SectionNo>
    <StudentID>262891588</StudentID>
    <Grade>C+</Grade>
  </Entry>
  <Entry>
    <CourseCode>CS342</CourseCode>
    <SectionNo>2</SectionNo>
    <StudentID>279702622</StudentID>
    <Grade>A-</Grade>
  </Entry>
  <Entry>
    <CourseCode>CS342</CourseCode>
    <SectionNo>2</SectionNo>
    <StudentID>302335678</StudentID>
    <Grade>C</Grade>
  </Entry>
  <Entry>
    <CourseCode>CS342</CourseCode>
    <SectionNo>2</SectionNo>
    <StudentID>406746417</StudentID>
    <Grade>B</Grade>
  </Entry>
  <Entry>
    <CourseCode>CS342</CourseCode>
    <SectionNo>2</SectionNo>
    <StudentID>432180765</StudentID>
    <Grade>C</Grade>
  </Entry>
  <Entry>
    <CourseCode>CS342</CourseCode>
    <SectionNo>2</SectionNo>
    <StudentID>449976666</StudentID>
    <Grade>B+</Grade>
  </Entry>
  <Entry>
    <CourseCode>CS342</CourseCode>
    <SectionNo>2</SectionNo>
    <StudentID>467545237</StudentID>
    <Grade>C+</Grade>
  </Entry>
  <Entry>
    <CourseCode>CS342</CourseCode>
    <SectionNo>2</SectionNo>
    <StudentID>495490053</StudentID>
    <Grade>C+</Grade>
  </Entry>
  <Entry>
    <CourseCode>CS342</CourseCode>
    <SectionNo>2</SectionNo>
    <StudentID>590987789</StudentID>
    <Grade>D</Grade>
  </Entry>
  <Entry>
    <CourseCode>CS342</CourseCode>
    <SectionNo>2</SectionNo>
    <StudentID>812073765</StudentID>
    <Grade>A</Grade>
  </Entry>
  <Entry>
    <CourseCode>CS342</CourseCode>
    <SectionNo>2</SectionNo>
    <StudentID>845037919</StudentID>
    <Grade>A</Grade>
  </Entry>
  <Entry>
    <CourseCode>CS342</CourseCode>
    <SectionNo>2</SectionNo>
    <StudentID>973071948</StudentID>
    <Grade>B</Grade>
  </Entry>
  <Entry>
    <CourseCode>CS352</CourseCode>
    <SectionNo>1</SectionNo>
    <StudentID>164500920</StudentID>
    <Grade>C</Grade>
  </Entry>
  <Entry>
    <CourseCode>CS352</CourseCode>
    <SectionNo>1</SectionNo>
    <StudentID>170815037</StudentID>
    <Grade>A</Grade>
  </Entry>
  <Entry>
    <CourseCode>CS352</CourseCode>
    <SectionNo>1</SectionNo>
    <StudentID>203745018</StudentID>
    <Grade>A</Grade>
  </Entry>
  <Entry>
    <CourseCode>CS352</CourseCode>
    <SectionNo>1</SectionNo>
    <StudentID>212976207</StudentID>
    <Grade>B</Grade>
  </Entry>
  <Entry>
    <CourseCode>CS352</CourseCode>
    <SectionNo>1</SectionNo>
    <StudentID>224620876</StudentID>
    <Grade>A</Grade>
  </Entry>
  <Entry>
    <CourseCode>CS352</CourseCode>
    <SectionNo>1</SectionNo>
    <StudentID>261812056</StudentID>
    <Grade>C</Grade>
  </Entry>
  <Entry>
    <CourseCode>CS352</CourseCode>
    <SectionNo>1</SectionNo>
    <StudentID>328718420</StudentID>
    <Grade>A</Grade>
  </Entry>
  <Entry>
    <CourseCode>CS352</CourseCode>
    <SectionNo>1</SectionNo>
    <StudentID>332012037</StudentID>
    <Grade>C-</Grade>
  </Entry>
  <Entry>
    <CourseCode>CS352</CourseCode>
    <SectionNo>1</SectionNo>
    <StudentID>391910519</StudentID>
    <Grade>B</Grade>
  </Entry>
  <Entry>
    <CourseCode>CS352</CourseCode>
    <SectionNo>1</SectionNo>
    <StudentID>406746417</StudentID>
    <Grade>B+</Grade>
  </Entry>
  <Entry>
    <CourseCode>CS352</CourseCode>
    <SectionNo>1</SectionNo>
    <StudentID>495490053</StudentID>
    <Grade>B-</Grade>
  </Entry>
  <Entry>
    <CourseCode>CS352</CourseCode>
    <SectionNo>1</SectionNo>
    <StudentID>664353912</StudentID>
    <Grade>A</Grade>
  </Entry>
  <Entry>
    <CourseCode>CS352</CourseCode>
    <SectionNo>1</SectionNo>
    <StudentID>722131306</StudentID>
    <Grade>A-</Grade>
  </Entry>
  <Entry>
    <CourseCode>CS352</CourseCode>
    <SectionNo>1</SectionNo>
    <StudentID>785103478</StudentID>
    <Grade>C+</Grade>
  </Entry>
  <Entry>
    <CourseCode>CS352</CourseCode>
    <SectionNo>1</SectionNo>
    <StudentID>785811329</StudentID>
    <Grade>C+</Grade>
  </Entry>
  <Entry>
    <CourseCode>CS352</CourseCode>
    <SectionNo>1</SectionNo>
    <StudentID>793034333</StudentID>
    <Grade>D+</Grade>
  </Entry>
  <Entry>
    <CourseCode>CS352</CourseCode>
    <SectionNo>1</SectionNo>
    <StudentID>850631208</StudentID>
    <Grade>C+</Grade>
  </Entry>
  <Entry>
    <CourseCode>CS352</CourseCode>
    <SectionNo>1</SectionNo>
    <StudentID>862952924</StudentID>
    <Grade>C</Grade>
  </Entry>
  <Entry>
    <CourseCode>CS352</CourseCode>
    <SectionNo>1</SectionNo>
    <StudentID>905922853</StudentID>
    <Grade>A-</Grade>
  </Entry>
  <Entry>
    <CourseCode>CS352</CourseCode>
    <SectionNo>1</SectionNo>
    <StudentID>980102825</StudentID>
    <Grade>D+</Grade>
  </Entry>
  <Entry>
    <CourseCode>CS352</CourseCode>
    <SectionNo>1</SectionNo>
    <StudentID>992485307</StudentID>
    <Grade>D</Grade>
  </Entry>
  <Entry>
    <CourseCode>CS352</CourseCode>
    <SectionNo>2</SectionNo>
    <StudentID>232820149</StudentID>
    <Grade>B-</Grade>
  </Entry>
  <Entry>
    <CourseCode>CS352</CourseCode>
    <SectionNo>2</SectionNo>
    <StudentID>252533260</StudentID>
    <Grade>C+</Grade>
  </Entry>
  <Entry>
    <CourseCode>CS352</CourseCode>
    <SectionNo>2</SectionNo>
    <StudentID>279702622</StudentID>
    <Grade>C</Grade>
  </Entry>
  <Entry>
    <CourseCode>CS352</CourseCode>
    <SectionNo>2</SectionNo>
    <StudentID>382109560</StudentID>
    <Grade>B</Grade>
  </Entry>
  <Entry>
    <CourseCode>CS352</CourseCode>
    <SectionNo>2</SectionNo>
    <StudentID>387215322</StudentID>
    <Grade>A-</Grade>
  </Entry>
  <Entry>
    <CourseCode>CS352</CourseCode>
    <SectionNo>2</SectionNo>
    <StudentID>485619193</StudentID>
    <Grade>D</Grade>
  </Entry>
  <Entry>
    <CourseCode>CS352</CourseCode>
    <SectionNo>2</SectionNo>
    <StudentID>504013895</StudentID>
    <Grade>B</Grade>
  </Entry>
  <Entry>
    <CourseCode>CS352</CourseCode>
    <SectionNo>2</SectionNo>
    <StudentID>587735656</StudentID>
    <Grade>A</Grade>
  </Entry>
  <Entry>
    <CourseCode>CS352</CourseCode>
    <SectionNo>2</SectionNo>
    <StudentID>774885901</StudentID>
    <Grade>A-</Grade>
  </Entry>
  <Entry>
    <CourseCode>CS352</CourseCode>
    <SectionNo>2</SectionNo>
    <StudentID>801166066</StudentID>
    <Grade>C</Grade>
  </Entry>
  <Entry>
    <CourseCode>CS352</CourseCode>
    <SectionNo>2</SectionNo>
    <StudentID>895255243</StudentID>
    <Grade>A-</Grade>
  </Entry>
  <Entry>
    <CourseCode>CS363</CourseCode>
    <SectionNo>2</SectionNo>
    <StudentID>191083779</StudentID>
    <Grade>B-</Grade>
  </Entry>
  <Entry>
    <CourseCode>CS363</CourseCode>
    <SectionNo>2</SectionNo>
    <StudentID>261812056</StudentID>
    <Grade>C-</Grade>
  </Entry>
  <Entry>
    <CourseCode>CS363</CourseCode>
    <SectionNo>2</SectionNo>
    <StudentID>340502961</StudentID>
    <Grade>C+</Grade>
  </Entry>
  <Entry>
    <CourseCode>CS363</CourseCode>
    <SectionNo>2</SectionNo>
    <StudentID>449976666</StudentID>
    <Grade>A</Grade>
  </Entry>
  <Entry>
    <CourseCode>CS363</CourseCode>
    <SectionNo>2</SectionNo>
    <StudentID>467545237</StudentID>
    <Grade>B</Grade>
  </Entry>
  <Entry>
    <CourseCode>CS363</CourseCode>
    <SectionNo>2</SectionNo>
    <StudentID>550658107</StudentID>
    <Grade>C</Grade>
  </Entry>
  <Entry>
    <CourseCode>CS363</CourseCode>
    <SectionNo>2</SectionNo>
    <StudentID>801166066</StudentID>
    <Grade>B-</Grade>
  </Entry>
  <Entry>
    <CourseCode>CS363</CourseCode>
    <SectionNo>2</SectionNo>
    <StudentID>845037919</StudentID>
    <Grade>B+</Grade>
  </Entry>
  <Entry>
    <CourseCode>CS363</CourseCode>
    <SectionNo>2</SectionNo>
    <StudentID>862952924</StudentID>
    <Grade>C+</Grade>
  </Entry>
  <Entry>
    <CourseCode>CS363</CourseCode>
    <SectionNo>2</SectionNo>
    <StudentID>867910658</StudentID>
    <Grade>C-</Grade>
  </Entry>
  <Entry>
    <CourseCode>CS363</CourseCode>
    <SectionNo>2</SectionNo>
    <StudentID>271978135</StudentID>
    <Grade>B+</Grade>
  </Entry>
  <Entry>
    <CourseCode>CS363</CourseCode>
    <SectionNo>2</SectionNo>
    <StudentID>483223789</StudentID>
    <Grade>A-</Grade>
  </Entry>
  <Entry>
    <CourseCode>CS363</CourseCode>
    <SectionNo>2</SectionNo>
    <StudentID>500094214</StudentID>
    <Grade>C+</Grade>
  </Entry>
  <Entry>
    <CourseCode>CS363</CourseCode>
    <SectionNo>2</SectionNo>
    <StudentID>658579865</StudentID>
    <Grade>B</Grade>
  </Entry>
  <Entry>
    <CourseCode>CS363</CourseCode>
    <SectionNo>2</SectionNo>
    <StudentID>722131306</StudentID>
    <Grade>C</Grade>
  </Entry>
  <Entry>
    <CourseCode>CS363</CourseCode>
    <SectionNo>2</SectionNo>
    <StudentID>787422802</StudentID>
    <Grade>B+</Grade>
  </Entry>
  <Entry>
    <CourseCode>CS363</CourseCode>
    <SectionNo>2</SectionNo>
    <StudentID>916916939</StudentID>
    <Grade>C-</Grade>
  </Entry>
  <Entry>
    <CourseCode>CS461</CourseCode>
    <SectionNo>2</SectionNo>
    <StudentID>124208644</StudentID>
    <Grade>C+</Grade>
  </Entry>
  <Entry>
    <CourseCode>CS461</CourseCode>
    <SectionNo>2</SectionNo>
    <StudentID>185141262</StudentID>
    <Grade>B+</Grade>
  </Entry>
  <Entry>
    <CourseCode>CS461</CourseCode>
    <SectionNo>2</SectionNo>
    <StudentID>212976207</StudentID>
    <Grade>B</Grade>
  </Entry>
  <Entry>
    <CourseCode>CS461</CourseCode>
    <SectionNo>2</SectionNo>
    <StudentID>382109560</StudentID>
    <Grade>B</Grade>
  </Entry>
  <Entry>
    <CourseCode>CS461</CourseCode>
    <SectionNo>2</SectionNo>
    <StudentID>406746417</StudentID>
    <Grade>C-</Grade>
  </Entry>
  <Entry>
    <CourseCode>CS461</CourseCode>
    <SectionNo>2</SectionNo>
    <StudentID>467545237</StudentID>
    <Grade>C+</Grade>
  </Entry>
  <Entry>
    <CourseCode>CS461</CourseCode>
    <SectionNo>2</SectionNo>
    <StudentID>483223789</StudentID>
    <Grade>D+</Grade>
  </Entry>
  <Entry>
    <CourseCode>CS461</CourseCode>
    <SectionNo>2</SectionNo>
    <StudentID>495490053</StudentID>
    <Grade>C+</Grade>
  </Entry>
  <Entry>
    <CourseCode>CS461</CourseCode>
    <SectionNo>2</SectionNo>
    <StudentID>550658107</StudentID>
    <Grade>D</Grade>
  </Entry>
  <Entry>
    <CourseCode>CS461</CourseCode>
    <SectionNo>2</SectionNo>
    <StudentID>664353912</StudentID>
    <Grade>A-</Grade>
  </Entry>
  <Entry>
    <CourseCode>CS461</CourseCode>
    <SectionNo>2</SectionNo>
    <StudentID>737972250</StudentID>
    <Grade>B-</Grade>
  </Entry>
  <Entry>
    <CourseCode>CS461</CourseCode>
    <SectionNo>2</SectionNo>
    <StudentID>812073765</StudentID>
    <Grade>B+</Grade>
  </Entry>
  <Entry>
    <CourseCode>CS461</CourseCode>
    <SectionNo>2</SectionNo>
    <StudentID>163728111</StudentID>
    <Grade>B+</Grade>
  </Entry>
  <Entry>
    <CourseCode>CS461</CourseCode>
    <SectionNo>2</SectionNo>
    <StudentID>296669559</StudentID>
    <Grade>A-</Grade>
  </Entry>
  <Entry>
    <CourseCode>CS461</CourseCode>
    <SectionNo>2</SectionNo>
    <StudentID>365774792</StudentID>
    <Grade>A-</Grade>
  </Entry>
  <Entry>
    <CourseCode>CS461</CourseCode>
    <SectionNo>2</SectionNo>
    <StudentID>387215322</StudentID>
    <Grade>D</Grade>
  </Entry>
  <Entry>
    <CourseCode>CS461</CourseCode>
    <SectionNo>2</SectionNo>
    <StudentID>785273479</StudentID>
    <Grade>D+</Grade>
  </Entry>
  <Entry>
    <CourseCode>CS461</CourseCode>
    <SectionNo>2</SectionNo>
    <StudentID>793034333</StudentID>
    <Grade>D</Grade>
  </Entry>
  <Entry>
    <CourseCode>CS461</CourseCode>
    <SectionNo>2</SectionNo>
    <StudentID>862952924</StudentID>
    <Grade>C-</Grade>
  </Entry>
  <Entry>
    <CourseCode>CS511</CourseCode>
    <SectionNo>2</SectionNo>
    <StudentID>290986112</StudentID>
    <Grade>C</Grade>
  </Entry>
  <Entry>
    <CourseCode>CS511</CourseCode>
    <SectionNo>2</SectionNo>
    <StudentID>308635036</StudentID>
    <Grade>D</Grade>
  </Entry>
  <Entry>
    <CourseCode>CS511</CourseCode>
    <SectionNo>2</SectionNo>
    <StudentID>419180204</StudentID>
    <Grade>A-</Grade>
  </Entry>
  <Entry>
    <CourseCode>CS511</CourseCode>
    <SectionNo>2</SectionNo>
    <StudentID>449976666</StudentID>
    <Grade>C+</Grade>
  </Entry>
  <Entry>
    <CourseCode>CS511</CourseCode>
    <SectionNo>2</SectionNo>
    <StudentID>477453864</StudentID>
    <Grade>D+</Grade>
  </Entry>
  <Entry>
    <CourseCode>CS511</CourseCode>
    <SectionNo>2</SectionNo>
    <StudentID>495490053</StudentID>
    <Grade>A-</Grade>
  </Entry>
  <Entry>
    <CourseCode>CS511</CourseCode>
    <SectionNo>2</SectionNo>
    <StudentID>501674545</StudentID>
    <Grade>D+</Grade>
  </Entry>
  <Entry>
    <CourseCode>CS511</CourseCode>
    <SectionNo>2</SectionNo>
    <StudentID>504013895</StudentID>
    <Grade>A-</Grade>
  </Entry>
  <Entry>
    <CourseCode>CS511</CourseCode>
    <SectionNo>2</SectionNo>
    <StudentID>587735656</StudentID>
    <Grade>D+</Grade>
  </Entry>
  <Entry>
    <CourseCode>CS511</CourseCode>
    <SectionNo>2</SectionNo>
    <StudentID>787422802</StudentID>
    <Grade>C-</Grade>
  </Entry>
  <Entry>
    <CourseCode>CS511</CourseCode>
    <SectionNo>2</SectionNo>
    <StudentID>909334701</StudentID>
    <Grade>A-</Grade>
  </Entry>
  <Entry>
    <CourseCode>CS511</CourseCode>
    <SectionNo>2</SectionNo>
    <StudentID>340502961</StudentID>
    <Grade>D+</Grade>
  </Entry>
  <Entry>
    <CourseCode>CS511</CourseCode>
    <SectionNo>2</SectionNo>
    <StudentID>432180765</StudentID>
    <Grade>B</Grade>
  </Entry>
  <Entry>
    <CourseCode>CS511</CourseCode>
    <SectionNo>2</SectionNo>
    <StudentID>485619193</StudentID>
    <Grade>B+</Grade>
  </Entry>
  <Entry>
    <CourseCode>CS511</CourseCode>
    <SectionNo>2</SectionNo>
    <StudentID>644488789</StudentID>
    <Grade>A-</Grade>
  </Entry>
  <Entry>
    <CourseCode>CS511</CourseCode>
    <SectionNo>2</SectionNo>
    <StudentID>696302689</StudentID>
    <Grade>C</Grade>
  </Entry>
  <Entry>
    <CourseCode>CS511</CourseCode>
    <SectionNo>2</SectionNo>
    <StudentID>845037919</StudentID>
    <Grade>B</Grade>
  </Entry>
  <Entry>
    <CourseCode>CS511</CourseCode>
    <SectionNo>2</SectionNo>
    <StudentID>885469446</StudentID>
    <Grade>C+</Grade>
  </Entry>
  <Entry>
    <CourseCode>CS511</CourseCode>
    <SectionNo>2</SectionNo>
    <StudentID>996056608</StudentID>
    <Grade>A-</Grade>
  </Entry>
</Relation>

</Database>